scenario,day_key,day,case,axis,variation,vre_share,vre_scale_factor,vre_share_annual,vre_share_day,vpl_mwh,vpl_mode,dc_flex,window_scale,reserve_from_flex,load_mwh,solver,mip_gap,time_milp_s,time_lp_s,objective_milp,cost_total,cost_fuel,cost_startup,cost_shutdown,cost_curtail_penalty,cost_migration,cost_degradation,cost_other,vre_available_mwh,vre_dispatched_mwh,curtailment_mwh,curtailment_pct,startups_total,startups_coal,startups_ng,startups_nuclear,startups_oil,frus_mean_mw,frds_mean_mw,frus_system_mean_mw,frds_system_mean_mw,pmin_mwh,pmin_unit_hours,online_unit_hours,corridor_limit_mw,corridor_flow_mean_mw,corridor_flow_max_mw,corridor_congested_hours,corridor_utilization,lmp_up_mean,lmp_down_mean,lmp_spread_mean,lmp_spread_max,lmp_spread_congested_mean,vpl_virtual_capacity_mw,vpl_virtual_mwh,vpl_cycles_up,vpl_cycles_down,vpl_throughput_mwh,vpl_hours_vtl,vpl_hours_arbitrage,vdc_energy_it_mwh,vdc_energy_elec_mwh,vdc_spatial_shift_mwh,vdc_spatial_shift_pct,vdc_temporal_shift_mwh,vdc_temporal_shift_pct,vdc_mean_delay_h,vdc_completion_min,vdc_site_cap_violation_mw,co2_t,co2_t_coal,co2_t_ng,co2_t_nuclear,co2_t_oil,gen_mwh_csp,gen_mwh_coal,gen_mwh_gas_cc,gen_mwh_gas_ct,gen_mwh_hydro,gen_mwh_nuclear,gen_mwh_oil_ct,gen_mwh_oil_st,gen_mwh_solar_pv,gen_mwh_solar_rtpv,gen_mwh_wind
m01__A__base,m01,2020-01-03,A,monthly,base,0.5,1.2511,0.5,0.8518,800.0,emergent,0.5,1.0,False,114331.8011972235,gurobi,0.0004418894668646,9.4,1.0,1126473.7243220315,1126473.7243220324,963952.5616016357,168797.556132,0.0,-6276.393411603933,0.0,0.0,9.313225746154783e-10,87735.21413052709,62763.93411603933,24971.280014487776,28.46209502302808,16.0,0.0,6.0,0.0,10.0,70.12714278463507,23.68605518490808,1151.2539273810924,388.8460726189076,23542.0,281,394,500.0,379.1254207509121,500.0,11,0.7748528641364191,11.691689127524208,15.336272262281916,3.644583134757706,22.05269893006037,9.454229691035154,0.0,0.0,0.0,0.0,0.0,,,0.0,0.0,0.0,,0.0,,,,0.0,29177.805303167603,24549.75088615473,4549.479219163269,0.0,78.5751978496,1458.447235359513,24578.023611737524,12216.28213111626,0.0,5196.0,9564.0,96.0,0.0,9558.216022655382,4669.123495172401,47078.147362852025
m01__B__base,m01,2020-01-03,B,monthly,base,0.5,1.2511,0.5,0.8518,800.0,emergent,0.5,1.0,False,114331.8011972235,gurobi,0.0004239113272658,10.0,1.0,1047607.8931751648,1047607.893175166,909840.4842733868,140854.36911,0.0,-6520.112229406977,0.0,3433.152021184747,1.280568540096283e-09,87735.21413052709,65201.12229406978,22534.09183645732,25.684204523547947,17.0,0.0,5.0,0.0,12.0,66.08866422657309,23.12872707777473,1076.6944880245867,376.80551197541337,21870.0,278,391,500.0,377.462473664248,500.0,11,0.7711830089686051,9.758824787221709,15.427395490685456,5.668570703463751,21.25681192,12.881291518456544,15.454545454545457,170.00000000000003,1.011265567511178,1.1344544457292889,1716.5760105923734,,,0.0,0.0,0.0,,0.0,,,,0.0,28213.616157579563,24270.9886914092,3837.5537865543606,0.0,105.073679616,1560.4799551946307,24248.119441049734,10383.212846360184,0.0,5196.0,9564.0,128.0,0.0,9482.466762876147,4443.845563852559,49714.33001214644
m01__C__base,m01,2020-01-03,C,monthly,base,0.5,1.2511,0.5,0.8518,800.0,emergent,0.5,1.0,False,110196.15454509998,gurobi,0.0004983780043477,12.2,1.5,1106031.2016303942,1106031.201630395,964176.0047944408,140802.62211,0.0,-6263.496563984735,7316.071289937516,0.0,1.164153218269348e-09,87735.21413052709,62634.96563984735,25100.248490679747,28.60909241452028,16.0,0.0,5.0,0.0,11.0,68.63455397259096,22.860591658477,1178.2265098628116,392.4401568038552,24594.0,302,412,500.0,380.53149852838624,500.0,9,0.7610629970567725,13.234164545807866,16.352235183233127,3.1180706374252574,23.061938144590577,9.364385613501652,0.0,0.0,0.0,0.0,0.0,,,3181.2666554796187,4135.646652123504,481.221862127146,15.126737687903605,1724.3359857767437,54.20281204050079,3.381126463581369,1.0,0.0,30424.92041007794,26385.43468820162,3928.1273618072,0.0,111.35836006912,1456.2464412218974,26265.41297125307,10629.150792039456,0.0,5196.0,9556.0,136.0,0.0,8932.10463935884,3697.86126851499,48548.753290751614
m01__D__base,m01,2020-01-03,D,monthly,base,0.5,1.2511,0.5,0.8518,800.0,emergent,0.5,1.0,False,110196.15454509998,gurobi,0.0,8.3,1.3,1027563.3319236566,1027563.3319236572,903529.3323861754,118421.175516,0.0,-6519.6645440433485,8500.796724610784,3631.691840912588,1.862645149230957e-09,87735.21413052709,65196.64544043349,22538.56869009361,25.68930721085618,16.0,0.0,5.0,0.0,11.0,65.32460063752447,22.168274055350228,1107.7963524780191,375.9369808553143,22426.0,291,407,500.0,376.30233084483297,500.0,11,0.7536697944164243,13.289208642390092,18.735877158888385,5.446668516498295,21.25681192,12.204488778353694,22.05480163946193,242.60281803408128,1.0445994322984773,1.2252079682718904,1815.8459204562944,,,3181.266655479623,4135.64665212351,501.76898570728497,15.772616383571778,1620.8682218724764,50.95040426996543,3.276390776637659,1.0,0.0,29276.93290785303,25917.84479851141,3260.8727407656133,0.0,98.215368576,1278.050819020977,25840.6936373387,8771.793903188845,44.0,5196.0,9564.0,120.0,0.0,9713.719690112675,4464.203761877329,49740.67116942251
m02__A__base,m02,2020-02-10,A,monthly,base,0.5,1.2511,0.5,0.6223,800.0,emergent,0.5,1.0,False,112351.23007524353,gurobi,0.0004987422680316,40.6,1.2,1034660.1252195822,1034660.1252195842,1011578.9145473586,28460.657022,0.0,-5379.446349775928,0.0,0.0,1.513399183750152e-09,62860.692228609456,53794.46349775927,9066.22873085017,14.422731295860446,9.0,0.0,1.0,0.0,8.0,48.60792070036523,36.76435652735754,818.2333317894813,618.8666682105187,16710.0,205,404,500.0,244.0929126822285,500.0,2,0.6144977111498179,18.342456432103244,17.543848640939373,-0.7986077911638688,7.589587206020639,-3.2797456413071693,0.0,0.0,0.0,0.0,0.0,,,0.0,0.0,0.0,,0.0,,,,0.0,34722.68332974698,31590.31128492765,3054.7272548801257,0.0,77.6447899392,1412.5999408466278,31502.520376181288,8086.279660871158,0.0,9369.0,9572.0,96.0,0.0,12767.109960312737,6322.979464271764,33291.77413232815
m02__B__base,m02,2020-02-10,B,monthly,base,0.5,1.2511,0.5,0.6223,800.0,emergent,0.5,1.0,False,112351.23007524353,gurobi,0.0004976329973943,17.4,2.9,961854.8156322512,961854.8156322537,963429.350283414,310.482,0.0,-5541.491779964214,0.0,3656.475128801678,2.211891114711761e-09,62860.692228609456,55414.91779964214,7445.774428967307,11.844881379748076,6.0,0.0,0.0,0.0,6.0,41.91507749246368,40.229960675475255,686.3593939390927,658.7656060609073,14386.0,188,393,500.0,184.3548049635565,471.8121625297493,0,0.5483388325950946,20.27313466329873,19.01518898913329,-1.257945674165443,8.569532550893037,0.0,0.0,0.0,1.1719544457292888,1.11334250977176,1828.237564400839,,,0.0,0.0,0.0,,0.0,,,,0.0,35280.803331515475,33312.4995590832,1916.7922682684384,0.0,51.51150416384,2233.411638203893,33173.24004698866,5159.134498473111,0.0,9369.0,9572.0,64.0,0.0,13424.287433224088,7013.271331683502,32743.947396530664
m02__C__base,m02,2020-02-10,C,monthly,base,0.5,1.2511,0.5,0.6223,800.0,emergent,0.5,1.0,False,108215.58342312,gurobi,0.000241684420722,6.4,1.1,1007865.0326180093,1007865.0326180096,1009868.5284660484,155.241,0.0,-5305.6916339628615,3146.954785922625,0.0,1.280568540096283e-09,62860.692228609456,53056.91633962861,9803.775888980836,15.596035521414278,3.0,0.0,0.0,0.0,3.0,48.62608523478877,39.15998441695253,814.4869276827118,655.9297389839548,16556.0,193,402,500.0,170.3006533307272,450.2234773505082,0,0.4878339999421296,24.544960266931515,22.68233621957229,-1.862624047359224,19.53654324493965,0.0,0.0,0.0,0.0,0.0,0.0,,,3181.266655479623,4135.646652123511,247.7791798922816,7.788695721733683,1740.0349061147149,54.696292217993246,3.4229215534459727,1.0,0.0,37021.27937056337,34861.80375115437,2134.0974010205155,0.0,25.37821838848,1784.4641240982228,34636.40344019559,5759.910295419333,0.0,9369.0,9572.0,32.0,0.0,12284.164597286315,6747.237426319833,32241.05019192424
m02__D__base,m02,2020-02-10,D,monthly,base,0.5,1.2511,0.5,0.6223,800.0,emergent,0.5,1.0,False,108215.58342312,gurobi,0.000398150099884,6.9,1.5,938336.3683850602,938336.3683850633,935234.7027704784,51.747,0.0,-5635.1228490749945,4620.238140654628,4064.80332300322,1.979060471057892e-09,62860.692228609456,56351.22849074995,6509.463737859502,10.35538029741404,1.0,0.0,0.0,0.0,1.0,39.46550217648731,44.12305368182331,603.4933041154518,674.7150292178816,12360.0,162,367,500.0,204.30342030751083,442.67546619600085,0,0.5259680455292292,28.49308244551362,26.35712451238749,-2.135957933126136,12.050619903570803,0.0,0.0,0.0,1.254343990487569,1.2861580863894435,2032.4016615016096,,,3181.266655479621,4135.646652123507,363.425371891842,11.42392044583419,1756.23361979921,55.20548290958757,3.420000176892123,1.0,0.0,34467.66326531787,32637.89602485448,1823.438144281632,0.0,6.32909618176,2233.411638203893,32547.0670840573,4930.093617171857,0.0,9369.0,9572.0,8.0,0.0,14511.889830393447,7154.447612958218,32451.479409194388
m03__A__base,m03,2020-03-18,A,monthly,base,0.5,1.2511,0.5,0.6071,800.0,emergent,0.5,1.0,False,110134.8486024235,gurobi,0.0003039598226003,19.3,2.6,1226467.3802131056,1226467.3802131035,1090587.747266426,140802.62211,0.0,-4922.989163320306,0.0,0.0,-2.3283064365386963e-09,59982.99472051207,49229.89163320306,10753.103087309004,17.926919350080098,16.0,0.0,5.0,0.0,11.0,59.94781933779832,32.003000334332825,1066.5716190516616,569.3867142816716,21274.0,263,427,500.0,312.1151273209609,500.0,11,0.6680098954903987,14.951616764604807,15.018606504315937,0.0669897397111276,9.395855365980683,-0.0207578674371926,0.0,0.0,0.0,0.0,0.0,,,0.0,0.0,0.0,,0.0,,,,0.0,35309.59706683138,30860.886660473392,4375.90199575959,0.0,72.8084105984,400.4629367565266,30685.595071792228,11715.686070967897,0.0,8938.6,9564.0,88.0,0.0,14197.9066873567,6658.244996893736,27973.2770121961
m03__B__base,m03,2020-03-18,B,monthly,base,0.5,1.2511,0.5,0.6071,800.0,emergent,0.5,1.0,False,110134.8486024235,gurobi,0.0004970425626465,84.4,1.4,1154033.9108409833,1154033.9108409826,1042692.1687742718,113511.447288,0.0,-5119.959447622676,0.0,2950.2542263337245,-2.3283064365386963e-10,59982.99472051207,51199.59447622676,8783.400244285307,14.643150588281138,17.0,0.0,4.0,0.0,13.0,57.32553546276237,33.64170170105181,976.9226668445754,573.3106664887579,20078.0,244,409,500.0,280.5505265453629,500.0,9,0.6723355090817169,14.815527132683684,14.730462031901611,-0.0850651007820705,6.115966319323594,0.679551813258177,0.0,0.0,0.9219544457292888,0.921954445729289,1475.1271131668625,,,0.0,0.0,0.0,,0.0,,,,0.0,34522.82466415269,30717.62101665413,3701.401602087661,0.0,103.80204541089918,479.0350191957599,30636.81042528084,10018.645570449356,0.0,8938.6,9564.0,104.0,20.0,15399.248237992617,8201.027689043874,27120.28352999451
m03__C__base,m03,2020-03-18,C,monthly,base,0.5,1.2511,0.5,0.6071,800.0,emergent,0.5,1.0,False,105999.2019503,gurobi,0.0001705137364845,6.6,1.2,1192796.5510526826,1192796.55105268,1079691.605749405,112807.688088,0.0,-4931.010433034515,5228.26764831113,0.0,-1.629814505577087e-09,59982.99472051207,49310.10433034514,10672.890390166922,17.79319362078661,16.0,0.0,4.0,0.0,12.0,55.85493008572683,32.80779718700044,1024.0070515716586,601.4762817616747,20840.0,267,440,500.0,264.6327091927385,500.0,5,0.6114586717556137,18.784364724688658,18.64284523477813,-0.1415194899105246,4.812095953894914,3.2474023470285827e-16,0.0,0.0,0.0,0.0,0.0,,,3181.266655479624,4135.64665212351,345.5036551410552,10.860568841217283,1672.859859260949,52.5847104448005,3.4558776336225256,1.0,1.4210854715202004e-14,37064.77346889853,33640.99054023557,3324.665891765675,0.0,99.11703689728,479.0350191957599,33289.40154843383,9004.029213846368,0.0,8938.6,9564.0,120.0,0.0,14769.2407355064,7251.394128640206,26810.43444700278
m03__D__base,m03,2020-03-18,D,monthly,base,0.5,1.2511,0.5,0.6071,800.0,emergent,0.5,1.0,False,105999.2019503,gurobi,0.0004987523339689,5.9,1.2,1118616.1633698533,1118616.1633698535,1030375.3611482752,84657.513066,0.0,-5119.515893626405,5752.550822870305,2950.2542263337245,6.984919309616089e-10,59982.99472051207,51195.15893626404,8787.835784248025,14.650545250690683,13.0,0.0,3.0,0.0,10.0,54.38146709365318,32.84584772116164,978.866407685757,591.2252589809096,19682.0,252,432,500.0,244.4779555731293,500.0,5,0.6197351706074002,19.39599754658676,19.367198616911107,-0.0287989296756536,4.812095953894914,-0.9624191907789827,0.0,0.0,0.921954445729289,0.921954445729289,1475.1271131668625,,,3181.266655479624,4135.646652123511,377.8741663529975,11.878104141384128,1670.4219069236276,52.50807580202002,3.4543144563860304,1.0,1.4210854715202004e-14,36828.589839542605,34241.53511055854,2514.74679365478,0.0,72.30793532928,479.0350191957599,33889.94399683991,6809.462218701921,0.0,8938.6,9564.0,88.0,0.0,15617.843326885031,8242.948097521103,26855.33249266215
m04__A__base,m04,2020-04-01,A,monthly,base,0.5,1.2511,0.5,0.4256,800.0,emergent,0.5,1.0,False,111906.0692124235,gurobi,0.0004507363769294,9.5,1.2,1205199.649295469,1205199.6492954644,1209353.203090042,0.0,0.0,-4153.553794572479,0.0,0.0,-5.3551048040390015e-09,42807.622207900895,41535.53794572479,1272.084262176105,2.971630276491554,0.0,0.0,0.0,0.0,0.0,46.15990987987421,46.047852677203416,842.4183553077045,840.3733113589623,14370.0,167,438,500.0,58.70801269362619,407.3265834506316,0,0.3733953358616916,23.53930942189733,22.762433596101555,-0.7768758257957779,6.461302253064943,0.0,0.0,0.0,0.0,0.0,0.0,,,0.0,0.0,0.0,,0.0,,,,0.0,43982.81416202239,40899.97241605783,3082.84174596456,0.0,0.0,2450.222212313648,40629.29220469468,8345.667267920422,0.0,11832.8,9596.0,0.0,0.0,14904.4619741747,3127.426850314861,21053.42690892157
m04__B__base,m04,2020-04-01,B,monthly,base,0.5,1.2511,0.5,0.4256,800.0,emergent,0.5,1.0,False,111906.0692124235,gurobi,7.016537230462436e-07,5.3,1.2,1196925.3997056969,1196925.3997056922,1198777.836554988,0.0,0.0,-4164.613442492309,0.0,2312.176593200767,-4.423782229423523e-09,42807.622207900895,41646.13442492309,1161.487782977803,2.713273298238532,0.0,0.0,0.0,0.0,0.0,30.53948339322136,57.2033050683171,529.3510454825037,991.5239545174963,8552.0,115,416,500.0,-15.065167537056324,439.03499669633794,0,0.4092392749709622,25.346719913619,24.733610228067903,-0.6131096855510995,4.848069744828166,0.0,0.0,0.0,0.8020347580080004,0.643075612742479,1156.0882966003835,,,0.0,0.0,0.0,,0.0,,,,0.0,45767.069603195545,43679.729716307374,2087.3398868881604,0.0,0.0,2450.222212313648,43434.53444452776,5640.040463892156,0.0,11832.8,9600.0,0.0,0.0,14907.818149478302,3127.426850314861,21160.667212816275
m04__C__base,m04,2020-04-01,C,monthly,base,0.5,1.2511,0.5,0.4256,800.0,emergent,0.5,1.0,False,107770.4225603,gurobi,0.0004825906154155,6.4,1.4,1201565.9981961993,1201565.998196196,1204101.9548100638,0.0,0.0,-4157.61703292101,1621.6604190574617,0.0,-4.190951585769653e-09,42807.622207900895,41576.170329210094,1231.4518786907977,2.876711705009188,0.0,0.0,0.0,0.0,0.0,41.32972396860882,51.81967362175263,714.6598102905274,896.0485230428059,12158.0,143,415,500.0,-35.70728294198677,369.60808046726135,0,0.4218966592738095,25.11733713618084,24.346949897632328,-0.7703872385485123,6.46130225306494,0.0,0.0,0.0,0.0,0.0,0.0,,,3181.266655479623,4135.646652123511,128.60552328527638,4.042588604251636,1749.7858991405494,55.0028051287874,3.5127633208339804,1.0,0.0,44007.651619307726,41040.50601919359,2967.145600114124,0.0,0.0,2450.222212313648,40831.638856490375,8099.525696536966,0.0,11832.8,9600.0,0.0,0.0,14907.818149478302,3127.426850314861,21090.70311710328
m04__D__base,m04,2020-04-01,D,monthly,base,0.5,1.2511,0.5,0.4256,800.0,emergent,0.5,1.0,False,107770.4225603,gurobi,0.0001027857360948,5.3,1.3,1195146.2649159683,1195146.2649232922,1197364.4285428617,0.0,0.0,-4165.017547932286,1.926673697449156e-05,1946.8539091009595,-4.6566128730773926e-09,42807.622207900895,41650.17547932285,1157.4467285780374,2.7038332635172866,0.0,0.0,0.0,0.0,0.0,30.61831818057964,57.12447028095881,530.7175151300472,990.1574848699528,8496.0,108,416,500.0,-27.120226116102653,422.10644569882703,0,0.4119358949144959,24.990900265557897,24.339188561918533,-0.6517117036393648,4.705216679605524,0.0,0.0,0.0,0.8303464523329286,0.3864372408551708,973.4269545504796,,,3181.266655479624,4135.646652123511,9.586072451384098e-07,3.013287941415541e-08,1750.5014784466223,55.02529866307948,3.550898941429118,1.0,5.839846011213012e-07,45938.05551441963,43953.98405365139,1984.071460768251,0.0,0.0,2450.222212313648,43687.16458234457,5354.615054534299,0.0,11832.8,9600.0,0.0,0.0,14907.818149478302,3127.426850314861,21164.70826721604
m05__A__base,m05,2020-05-26,A,monthly,base,0.5,1.2511,0.5,0.4163,800.0,emergent,0.5,1.0,False,125012.67440328353,gurobi,0.0004678927876577,10.1,1.2,1570296.4224028669,1570296.42240286,1406145.6676935572,168590.568132,0.0,-4439.813422690416,0.0,0.0,-6.752088665962219e-09,47329.36296351603,44398.13422690416,2931.228736611878,6.193256264343604,12.0,0.0,6.0,0.0,6.0,54.91577199922898,41.054553204023065,1125.773325984194,841.6183406824729,22710.0,258,492,500.0,180.4329044918097,464.28960940220986,0,0.4881329202161193,17.202352117252627,17.21485836522507,0.0125062479724422,0.1444135271889699,0.0,0.0,0.0,0.0,0.0,0.0,,,0.0,0.0,0.0,,0.0,,,,0.0,45043.77749420988,38584.24526791877,6414.591346977185,0.0,44.94087931392,1215.2902001743566,38091.66612016534,17305.174056214004,0.0,15642.2,9572.0,56.0,0.0,18929.78567227549,9786.54228881239,14466.51606564192
m05__B__base,m05,2020-05-26,B,monthly,base,0.5,1.2511,0.5,0.4163,800.0,emergent,0.5,1.0,False,125012.67440328353,gurobi,0.0001603607692308,9.1,1.1,1500199.4797099056,1500199.4797098958,1388145.9574220183,112341.965088,0.0,-4547.502067844911,0.0,4259.059267732033,-1.0011717677116394e-08,47329.36296351603,45475.0206784491,1854.3422850669333,3.917953187953023,7.0,0.0,4.0,0.0,3.0,61.30699669947207,37.031589159113786,1264.4568069266113,763.7765264067219,23702.16945302196,278,495,500.0,220.92935952039784,500.0,4,0.5462483967384848,18.570423105361275,18.719375364393184,0.1489522590319062,6.580869726937173,2.527009849287093,0.0,0.0,1.239957596603232,1.421954445729289,2129.5296338660164,,,0.0,0.0,0.0,,0.0,,,,0.0,43560.9310604514,36772.41756507259,6769.464373172091,0.0,19.04912220672,1715.71853049116,36290.58969071418,18412.046943047146,0.0,15642.2,9588.0,24.0,0.0,18992.83859624117,9699.427005282858,15067.036546433912
m05__C__base,m05,2020-05-26,C,monthly,base,0.5,1.2511,0.5,0.4163,800.0,emergent,0.5,1.0,False,120877.02775116,gurobi,0.0003699988417454,9.9,1.5,1556946.2768172105,1556946.2768172035,1410712.6287465803,146519.603538,0.0,-4450.393394112577,4164.437926742497,0.0,-6.752088665962219e-09,47329.36296351603,44503.93394112577,2825.4290223902644,5.969716990630645,18.0,0.0,6.0,0.0,12.0,50.1114731829527,42.069801717445706,1048.1649807434271,879.9600192565727,21126.0,262,502,500.0,117.08237504921506,476.079373680289,0,0.5196983560713786,19.017275110673094,19.01727511067305,-3.8040172863536746e-14,9.627854069549358e-13,0.0,0.0,0.0,0.0,0.0,0.0,,,3181.266655479623,4135.646652123511,280.2417373812898,8.809124406424184,1533.798112491482,48.2134407013498,3.03190670918412,1.0,1.4210854715202004e-14,45280.53447118014,38974.27827990398,6160.672464151678,0.0,145.58372712448,1533.0500021614253,38484.06772754616,16642.972734611576,44.0,15642.2,9572.0,176.0,0.0,18871.60077008933,9795.759458868844,14303.523710006168
m05__D__base,m05,2020-05-26,D,monthly,base,0.5,1.2511,0.5,0.4163,800.0,emergent,0.5,1.0,False,120877.02775116,gurobi,0.0002669017489101,5.8,1.2,1483989.7531979564,1483989.7531979466,1397055.162134073,84761.00706599999,0.0,-4553.489141640868,2679.355276194316,4047.717863329588,-9.546056389808656e-09,47329.36296351603,45534.89141640868,1794.4715471073534,3.791455102597993,15.0,0.0,3.0,0.0,12.0,56.57496283681699,37.55902537536377,1199.86067016416,796.5643298358399,22062.0,285,509,500.0,197.59181483662533,500.0,7,0.5747965107742364,21.25577047906512,21.422184787346367,0.1664143082812448,3.993943398749977,0.5705633426785833,0.0,0.0,1.1078692188517034,1.421954445729289,2023.858931664794,,,3181.2666554796224,4135.646652123511,196.51955296296487,6.177399578387017,1519.800180401868,47.7734294226504,3.184986173569221,1.0,2.8421709430404014e-14,43849.9748597672,37197.54154429164,6500.024371383399,0.0,152.40894409216,1715.71853049116,36716.47515861162,17749.965079943562,0.0,15642.2,9591.103677504978,184.0,0.0,19230.26213037558,9657.641239701406,14931.269515840537
m06__A__base,m06,2020-06-05,A,monthly,base,0.5,1.2511,0.5,0.3855,800.0,emergent,0.5,1.0,False,147747.38042812352,gurobi,0.0004953676482027,6.2,1.1,1967668.7613922528,1967668.7613922544,1910299.4490146216,62379.560472,0.0,-5010.248094368473,0.0,0.0,1.629814505577087e-09,52592.60189406027,50102.48094368472,2490.120950375547,4.734736180939505,15.0,0.0,3.0,0.0,12.0,62.63469714677383,45.03220180793,1498.0131734270074,1077.020159906326,28016.0,275,574,500.0,354.3460808335421,500.0,5,0.7560597783247461,21.54135155764025,23.709474260533955,2.168122702893704,33.0934677392737,12.353690451116323,0.0,0.0,0.0,0.0,0.0,,,0.0,0.0,0.0,,0.0,,,,0.0,53448.9828827374,40743.63870952722,12625.710545644091,0.0,79.63362756608001,1615.0073290149032,40334.4356753788,33572.048162373016,154.0,13944.8,9596.0,96.0,0.0,18769.524652653825,9480.2393966041,20237.709565411897
m06__B__base,m06,2020-06-05,B,monthly,base,0.5,1.2511,0.5,0.3855,800.0,emergent,0.5,1.0,False,147747.38042812352,gurobi,0.0002697366646812,6.3,1.1,1921553.9755234995,1921553.9755235,1917314.479240986,6286.198428000001,0.0,-5016.314549382403,0.0,2969.612403894472,1.629814505577087e-09,52592.60189406027,50163.14549382403,2429.456400236245,4.6193881130467975,13.0,0.0,1.0,0.0,12.0,65.62115911719194,42.87112218641012,1594.0473235551208,1041.4110097782125,30954.0,302,583,500.0,352.34794091849244,500.0,9,0.7276056840430926,24.241410224693865,25.08043503520243,0.8390248105085685,8.528054658533264,2.320718561880978,0.0,0.0,0.9340533067047564,0.9219544457292888,1484.806201947236,,,0.0,0.0,0.0,,0.0,,,,0.0,53382.31770870898,40507.255360276,12795.428720866894,0.0,79.63362756608001,1615.0073290149032,40093.077282995946,34002.78695168115,176.0,13944.8,9588.0,96.0,0.0,18765.50723817308,9298.773722162105,20483.85720447393
m06__C__base,m06,2020-06-05,C,monthly,base,0.5,1.2511,0.5,0.3855,800.0,emergent,0.5,1.0,False,143611.733776,gurobi,0.0002806801969295,7.1,1.4,1959281.9470501533,1959281.9470501544,1931728.9588997853,28357.163022,0.0,-4939.5902129135575,4135.415341281819,0.0,2.3283064365386963e-10,52592.60189406027,49395.902129135575,3196.699764924698,6.078230872402851,7.0,0.0,1.0,0.0,6.0,68.47476184775583,42.441155107261466,1649.10051450012,1022.1244854998804,32682.0,306,578,500.0,375.7579991067846,500.0,9,0.7515159982135692,21.77413001124684,23.506924661857777,1.732794650610946,36.31738289776361,5.5775684632440345,0.0,0.0,0.0,0.0,0.0,,,3181.266655479624,4135.646652123511,295.36157817845253,9.28440178598994,1562.2810413306065,49.10877365905906,3.206415743930116,1.0,4.263256414560601e-14,53071.58731268617,39715.681063748816,13317.356299466635,0.0,38.54994947072,1615.0073290149032,39283.03105511601,35551.956596881115,0.0,13944.8,9580.0,48.0,0.0,18741.09153341871,9295.5813427172,19744.22192398476
m06__D__base,m06,2020-06-05,D,monthly,base,0.5,1.2511,0.5,0.3855,800.0,emergent,0.5,1.0,False,143611.733776,gurobi,0.0004812842232979,7.1,1.6,1918517.6111652723,1918517.611171376,1913672.5655677733,5820.475428000001,0.0,-4996.168352408598,1070.4843016763182,2950.254226333724,4.656612873077393e-10,52592.60189406027,49961.68352408598,2630.91836997429,5.002449537054415,4.0,0.0,1.0,0.0,3.0,66.0207362479502,44.11887980789622,1576.245077919811,1053.3382554135223,30612.0,288,573,500.0,365.8308171638132,500.0,11,0.7483824919576378,26.7085953577126,27.294101564922126,0.5855062072095246,10.40114466672484,1.3492870917025792,0.0,0.0,0.9219544457292888,0.9219544457292888,1475.127113166862,,,3181.2666554796224,4135.646652123511,128.4099618755407,4.036441322966716,1656.5805367487253,52.07298589369496,3.4365575850730288,1.0,1.4210854715202004e-14,53689.44967620802,40937.69155542586,12732.70899857544,0.0,19.04912220672,1615.0073290149032,40532.03171192165,33850.08641800289,154.0,13944.8,9588.0,24.0,0.0,18768.30366040124,9295.5813427172,20282.791191952645
m07__A__base,m07,2020-07-17,A,monthly,base,0.5,1.2511,0.5,0.33,800.0,emergent,0.5,1.0,False,173322.0663727235,gurobi,0.0004652015251523,15.3,1.1,2756564.385159984,2756564.3851599945,2568825.0200133915,192824.72928000003,0.0,-5085.3641334073045,0.0,0.0,1.0244548320770264e-08,53459.22694329908,50853.64133407304,2605.5856092260374,4.873967990576485,31.0,0.0,18.0,0.0,13.0,40.79981602199554,60.29051586833634,1178.0946876351215,1740.888645698212,22586.0,254,693,500.0,497.2194792617189,500.0,22,0.9944389585234376,20.55385979512556,30.48578636875708,9.931926573631516,28.72170902087112,10.8348289894162,0.0,0.0,0.0,0.0,0.0,,,0.0,0.0,0.0,,0.0,,,,0.0,66641.69834413345,46731.38482206457,19793.729616971585,0.0,116.58390509729918,2708.943659087435,46127.09112414934,47990.025913772224,2840.210458835525,15809.6,9588.0,120.0,20.0,17809.749666578784,8991.57113204974,21343.376876357088
m07__B__base,m07,2020-07-17,B,monthly,base,0.5,1.2511,0.5,0.33,800.0,emergent,0.5,1.0,False,173322.0663727235,gurobi,0.0004512987850214,10.0,1.2,2686058.357468116,2686058.3574783048,2591798.431645283,96370.96704,0.0,-5061.295433317128,0.0,2950.2542263337245,5.122274160385132e-09,53459.22694329908,50612.95433317129,2846.272610127792,5.32419335795233,21.0,0.0,9.0,0.0,12.0,51.39053931553059,57.05622539035177,1456.0652806067,1616.5930527266337,28388.0,284,680,500.0,500.0,500.0,24,1.0,17.690301916984655,28.903780638060624,11.213478721075967,28.72170902087105,11.213478721075967,30.731814857642963,737.5635565834311,0.9219544457292888,0.921954445729289,1475.1271131668625,,,0.0,0.0,0.0,,0.0,,,,0.0,65954.37718886483,45264.75051293134,20590.554054764863,0.0,99.07262116864,2708.943659087435,44684.56922622466,51285.1936684824,1506.4703707321416,15809.6,9588.0,120.0,0.0,17809.749666578784,8991.57113204974,21102.689875455333
m07__C__base,m07,2020-07-17,C,monthly,base,0.5,1.2511,0.5,0.33,800.0,emergent,0.5,1.0,False,169186.41972059998,gurobi,0.0002384306850754,8.8,1.3,2739622.672385738,2739622.6723922654,2583467.2621815074,152640.326202,0.0,-5096.319389868858,8611.403398621042,0.0,6.05359673500061e-09,53459.22694329908,50963.19389868859,2496.0330446104967,4.669040663939802,25.0,0.0,15.0,0.0,10.0,46.59219276870191,58.01129560339111,1335.6428593694548,1662.990473963879,25546.0,277,688,500.0,494.7155337066841,500.0,21,0.9894310674133682,23.58973749355881,31.91128601622042,8.32154852266161,30.954277214654365,9.510341168756126,0.0,0.0,0.0,0.0,0.0,,,3181.266655479623,4135.64665212351,561.4592294347249,17.648920704827763,1431.3720831021294,44.99377883449789,2.872620249935484,1.0,1.4210854715202004e-14,65651.7463316558,44975.20886993054,20591.57133403246,0.0,84.9661276928,2708.943659087435,44375.80156088995,50117.618705207846,2388.351109035289,15809.6,9592.0,104.0,0.0,17805.42247745775,8991.446024967161,21457.38173717624
m07__D__base,m07,2020-07-17,D,monthly,base,0.5,1.2511,0.5,0.33,800.0,emergent,0.5,1.0,False,169186.41972059998,gurobi,0.0004462824182492,8.6,1.3,2672576.3322999496,2672576.332299957,2553402.8418862247,118441.931634,0.0,-5137.191957450489,2918.496510843537,2950.2542263337245,5.587935447692871e-09,53459.22694329908,51371.9195745049,2087.307368794187,3.904484759961205,15.0,0.0,9.0,0.0,6.0,46.76289292950214,61.78787159649174,1274.2888323289333,1683.7195010044004,23844.0,234,654,500.0,497.0235399204586,500.0,21,0.9940470798409172,28.241453886510275,31.58746966732383,3.346015780813554,14.786094031853573,3.824018035215489,29.03109395561242,609.6529730678608,0.921954445729289,0.921954445729289,1475.1271131668625,,,3181.266655479623,4135.646652123511,234.63765355193016,7.37560471857255,1577.132837934679,49.57562533207084,3.1345763459524525,1.0,0.0,66194.98110860518,46289.86235700217,19866.56880213229,0.0,38.54994947072,2708.943659087435,45726.12934081548,49662.16672951193,1392.971953778188,15809.6,9596.0,48.0,0.0,17809.749666578784,8991.57113204974,21861.655116788937
m08__A__base,m08,2020-08-24,A,monthly,base,0.5,1.2511,0.5,0.3089,800.0,emergent,0.5,1.0,False,167246.4207739235,gurobi,0.0004955299650939,17.4,1.1,2604760.288713361,2604760.288713359,2569310.324577402,40225.857996000006,0.0,-4775.893860040566,0.0,0.0,-2.3283064365386963e-09,48163.1903660038,47758.93860040567,404.2517655981456,0.839337598955007,18.0,0.0,7.0,0.0,11.0,55.98541762533563,54.87446438056407,1581.588047915732,1550.2036187509348,30060.0,255,678,500.0,415.8280752211343,500.0,15,0.8316561504422686,19.86040728610919,29.30248647370837,9.442079187599177,38.19995787627642,15.130761360185293,0.0,0.0,0.0,0.0,0.0,,,0.0,0.0,0.0,,0.0,,,,0.0,67414.56529732623,47778.84068823633,19562.949292563822,0.0,72.77531652608,2283.9548995658897,47266.44861309928,48368.71644207824,1491.721794844921,12712.0,9600.0,88.0,0.0,16785.235214250548,8884.354362279366,19805.394124309856
m08__B__base,m08,2020-08-24,B,monthly,base,0.5,1.2511,0.5,0.3089,800.0,emergent,0.5,1.0,False,167246.4207739235,gurobi,0.0003626466110514,10.3,1.2,2554731.3807613,2554731.380886849,2544945.3082608944,11640.950856000003,0.0,-4805.132456375726,0.0,2950.254226333724,-4.190951585769653e-09,48163.1903660038,48051.32456375725,111.86580224655496,0.2322641033462682,8.0,0.0,2.0,0.0,6.0,56.36644811555812,58.63975343482948,1514.8482931056242,1575.9433735610426,29828.0,225,645,500.0,417.9950483776601,500.0,14,0.8359900967553202,24.87888239804671,31.209315056246663,6.330432658199956,59.650142172582,10.861840672162035,52.6831111845308,737.5635565834311,0.9219544457292888,0.9219544457292888,1475.127113166862,,,0.0,0.0,0.0,,0.0,,,,0.0,68107.85540225529,49212.53109536058,18857.000209952617,0.0,38.32409694208,2283.9548995658897,48691.25372739672,47905.93091731635,531.4563207519437,12712.0,9600.0,48.0,0.0,17005.710345721644,8884.354362279366,19877.30495619036
m08__C__base,m08,2020-08-24,C,monthly,base,0.5,1.2511,0.5,0.3089,800.0,emergent,0.5,1.0,False,163110.7741218,gurobi,0.0003536813606827,7.2,1.4,2584256.2487355736,2584256.2489531604,2556106.634170268,28740.148140000005,0.0,-4798.778011602245,4208.244654495642,0.0,-1.3969838619232178e-09,48163.1903660038,47987.78011602244,175.41024998136223,0.3641998145230352,13.0,0.0,5.0,0.0,8.0,56.45356378507869,55.87226204074713,1566.5863950359335,1550.4552716307328,29720.0,245,666,500.0,422.059550030309,500.0,14,0.8441191000606181,22.75206481058157,32.115644270190714,9.36357945960915,50.70308485873677,15.945655672230446,0.0,0.0,0.0,0.0,0.0,,,3181.266655479623,4135.64665212351,276.8230517602255,8.701661373887262,1646.7478627522953,51.763905421629104,3.2991777253060794,1.0,0.0,67272.52644207006,47816.33807144598,19397.658891036248,0.0,58.52947958784,2283.9548995658897,47316.43889398676,48507.90010036224,1088.5875247885951,12712.0,9600.0,72.0,0.0,16949.3759342255,8884.354362279366,19870.094919951687
m08__D__base,m08,2020-08-24,D,monthly,base,0.5,1.2511,0.5,0.3089,800.0,emergent,0.5,1.0,False,163110.7741218,gurobi,8.173487498967606e-05,7.3,1.3,2547681.84489952,2547681.844899514,2536096.3411912736,11330.468856,0.0,-4806.045169271403,2110.825795182506,2950.2542263337245,-4.190951585769653e-09,48163.1903660038,48060.45169271403,102.738673289775,0.2133136789922736,2.0,0.0,2.0,0.0,0.0,55.77697486424388,59.97969703528516,1480.4138745218067,1591.9611254781937,29238.0,216,637,500.0,409.3083348065136,500.0,14,0.8186166696130271,25.643218066619937,29.75933321873718,4.116115152117238,19.244032174366552,6.928600284855504,52.68311118453078,737.5635565834309,0.9219544457292888,0.921954445729289,1475.1271131668625,,,3181.266655479623,4135.64665212351,106.55388884123536,3.3494170838430013,1641.5536170982757,51.60062939932293,3.349681386394896,1.0,5.684341886080804e-14,68259.87209251737,49553.72754466882,18706.144547848548,0.0,0.0,2283.9548995658897,49035.40717127293,47682.341204218974,455.31863598474536,12712.0,9600.0,0.0,0.0,17006.009831911295,8884.354362279366,19886.132598957483
m09__A__base,m09,2020-09-11,A,monthly,base,0.5,1.2511,0.5,0.2914,800.0,emergent,0.5,1.0,False,145368.4875073235,gurobi,0.0004563899879044,7.2,1.1,2223204.7532268567,2223204.753226855,2225681.381472008,1324.7232,0.0,-3801.35144515123,0.0,0.0,-1.862645149230957e-09,39056.541001965445,38013.514451512296,1043.0265504531458,2.670555363314579,13.0,0.0,0.0,0.0,13.0,66.49698598344172,47.27990005187129,1726.1509278201745,1227.307405513159,34254.0,291,623,500.0,287.53947187176385,500.0,8,0.6260899185015681,20.108963161862693,23.951652665198424,3.842689503335729,24.185218236156224,11.491102509206314,0.0,0.0,0.0,0.0,0.0,,,0.0,0.0,0.0,,0.0,,,,0.0,60526.82864257077,44704.39147837317,15724.964214968466,0.0,97.47294922913918,2555.9376970930725,44214.97115745367,41586.40657486215,0.0,11881.0,9596.0,96.0,20.0,16719.08011829274,8508.15736496371,10230.339271162782
m09__B__base,m09,2020-09-11,B,monthly,base,0.5,1.2511,0.5,0.2914,800.0,emergent,0.5,1.0,False,145368.4875073235,gurobi,0.0003651647936689,6.1,1.1,2189768.4380784165,2189768.438078416,2190151.937183038,517.47,0.0,-3851.207628371536,0.0,2950.23852374853,4.656612873077393e-10,39056.541001965445,38512.07628371535,544.4647182500912,1.3940423403667317,10.0,0.0,0.0,0.0,10.0,56.25062110442279,55.83018697638529,1392.202872334464,1381.797127665536,27294.0,221,594,500.0,236.71439816887968,500.0,4,0.553676898082751,25.81192178621235,25.311156623916343,-0.5007651622960062,6.140718854789448,-0.1622540460997692,0.0,0.0,0.9219446316135425,0.9219544457292888,1475.119261874265,,,0.0,0.0,0.0,,0.0,,,,0.0,62346.85021015686,47989.63441747567,14291.298787195115,0.0,65.91700548608,2555.9376970930725,47487.01918574896,38108.11187822389,0.0,11881.0,9600.0,80.0,0.0,17237.003500834002,8508.15736496371,10210.977720824569
m09__C__base,m09,2020-09-11,C,monthly,base,0.5,1.2511,0.5,0.2914,800.0,emergent,0.5,1.0,False,141232.8408552,gurobi,0.0001723627074165,7.7,1.3,2208106.2528752964,2208106.252875294,2209158.066753792,206.988,0.0,-3827.197703923304,2568.395825427462,0.0,-1.862645149230957e-09,39056.541001965445,38271.97703923302,784.563962732427,2.008790186240367,4.0,0.0,0.0,0.0,4.0,67.41489320558182,48.2801887616313,1713.4618689752044,1227.1214643581288,33418.0,274,610,500.0,307.8086423832581,500.0,8,0.6344684341201372,22.041124413808262,26.20920809121615,4.168083677407886,24.185218236156217,12.464920214293311,0.0,0.0,0.0,0.0,0.0,,,3181.2666554796224,4135.64665212351,199.55834324762432,6.272920973282512,1692.9866619722986,53.217376765829655,3.339470575958433,1.0,1.4210854715202004e-14,60484.48314194414,44875.33021699077,15583.26116784617,0.0,25.8917571072,2555.9376970930725,44401.01336617611,41221.90177841899,0.0,11881.0,9600.0,32.0,0.0,16956.267505205436,8508.15736496371,10251.6144719708
m09__D__base,m09,2020-09-11,D,monthly,base,0.5,1.2511,0.5,0.2914,800.0,emergent,0.5,1.0,False,141232.8408552,gurobi,0.0001696471359609,8.5,1.6,2181289.8263958744,2181289.826399117,2181178.884374539,103.494,0.0,-3868.960099586662,926.1538978304638,2950.254226333724,4.656612873077393e-10,39056.541001965445,38689.60099586663,366.9400060988221,0.9395097381520718,2.0,0.0,0.0,0.0,2.0,56.53913207291645,56.78565425186987,1378.1413442773385,1384.150322389328,27242.0,203,585,500.0,276.5662353252265,500.0,6,0.5930398803628517,26.25987909039317,26.21535876105753,-0.044520329335643,0.7508894052150872,-0.2021502385407453,0.0,0.0,0.9219544457292888,0.9219544457292888,1475.127113166862,,,3181.2666554796224,4135.646652123509,111.0968057446969,3.4922192251107425,1733.8270139602591,54.50115321121547,3.485249076291858,1.0,2.8421709430404014e-14,62373.84475497233,48133.26458849054,14227.392759260034,0.0,13.18740722176,2555.9376970930725,47637.27436862012,37844.33336872376,0.0,11881.0,9600.0,16.0,0.0,17378.7848617638,8508.15736496371,10246.72107204604
m10__A__base,m10,2020-10-09,A,monthly,base,0.5,1.2511,0.5,0.4754,800.0,emergent,0.5,1.0,False,121914.45606790352,gurobi,0.0004995156822912,54.8,1.1,1488023.3219548925,1488023.3219548888,1352134.5865437677,140647.38111,0.0,-4758.645698874782,0.0,0.0,-3.958120942115784e-09,52570.54003103253,47586.45698874781,4984.083042284707,9.480752983215677,13.0,0.0,5.0,0.0,8.0,51.50856529935737,45.50456380348727,980.8089309085966,866.4827357580701,19284.0,215,457,500.0,248.8475804831053,500.0,3,0.5030045725373945,19.485901807161746,19.146958750617625,-0.3389430565441212,5.030625257815206,8.789265611615821e-17,0.0,0.0,0.0,0.0,0.0,,,0.0,0.0,0.0,,0.0,,,,0.0,44118.19830070885,38333.67148734904,5732.3264299537295,0.0,52.20038340608,1766.3643064043663,38071.64626780294,15509.939390390742,0.0,11140.4,9580.0,64.0,0.0,16749.130389384452,5298.8266118142665,23772.135681144733
m10__B__base,m10,2020-10-09,B,monthly,base,0.5,1.2511,0.5,0.4754,800.0,emergent,0.5,1.0,False,121914.45606790352,gurobi,0.0004917418582438,76.6,1.2,1420451.8226498554,1420451.822649846,1376255.285351756,45611.601306,0.0,-4738.461322114292,0.0,3323.397314209228,-4.889443516731262e-09,52570.54003103253,47384.61322114292,5185.926809889609,9.86470142180077,15.0,0.0,4.0,0.0,11.0,60.5584818580269,35.60798756998099,1279.2979292508182,752.2187374158484,24938.0,286,507,500.0,247.2780025941506,500.0,4,0.5805356917048349,17.84580914232986,18.04038053657507,0.1945713942452117,1.6146203644739463,-0.2987332118750068,0.0,0.0,0.9692865277091178,1.1078367936716498,1661.698657104614,,,0.0,0.0,0.0,,0.0,,,,0.0,43471.30859929957,36951.747948329714,6446.78533444377,0.0,72.77531652608,1850.8341796766967,36544.92319885128,17308.4370036737,219.88949545538384,11140.4,9576.0,88.0,0.0,16635.022331364595,5256.445093755418,23642.311616346204
m10__C__base,m10,2020-10-09,C,monthly,base,0.5,1.2511,0.5,0.4754,800.0,emergent,0.5,1.0,False,117778.80941578,gurobi,0.0003736588449158,9.0,1.3,1466355.8105256376,1466355.8105256364,1353938.0404285437,113511.447288,0.0,-4749.426734287284,3655.7495433822623,0.0,-2.3283064365386963e-09,52570.54003103253,47494.26734287283,5076.272688159694,9.656116686576087,17.0,0.0,4.0,0.0,13.0,48.9313414905907,43.60932240982424,982.7044416026964,875.8205583973034,18446.0,231,482,500.0,215.76790753730765,500.0,1,0.4607963599655263,23.40423209562283,23.51380066147109,0.1095685658482579,13.026640978153305,13.026640978153305,0.0,0.0,0.0,0.0,0.0,,,3181.266655479623,4135.64665212351,266.774683380247,8.385800760232932,1597.053976451388,50.20182680067128,3.238947960818015,1.0,2.8421709430404014e-14,44946.160783738735,39550.71474569028,5297.973088819319,0.0,97.47294922913918,1850.8341796766967,39186.22610908284,14425.46729245245,0.0,11140.4,9584.0,96.0,20.0,16854.59700448392,5319.553151267618,23469.28300744459
m10__D__base,m10,2020-10-09,D,monthly,base,0.5,1.2511,0.5,0.4754,800.0,emergent,0.5,1.0,False,117778.80941578,gurobi,0.0003116010875415,4.9,1.1,1396897.9227668436,1396897.922766838,1368341.3009258695,28615.898022,0.0,-4757.547731964956,1324.7721852883344,3373.4993656506167,-5.587935447692871e-09,52570.54003103253,47575.477319649566,4995.0627113829605,9.50163857634782,12.0,0.0,1.0,0.0,11.0,61.46744462225968,35.89608243184855,1278.0106194378156,746.3393805621841,23724.0,277,499,500.0,256.9366171302716,500.0,5,0.5897969027427665,22.87515629307771,22.796985322468625,-0.0781709706090835,5.249482078092315,0.000360966100575,0.0,0.0,0.9739826578023468,1.1344544457292889,1686.7496828253084,,,3181.266655479623,4135.64665212351,135.44996392023802,4.257736888761905,1677.5446738144967,52.73197299965357,3.3671407122989088,1.0,2.8421709430404014e-14,43387.1794108496,36989.44692333499,6324.957170988529,0.0,72.77531652608,1850.8341796766967,36597.8425694926,17254.30256399983,0.0,11140.4,9588.0,88.0,0.0,16879.34695817865,5319.553151267618,23525.743030526603
m11__A__base,m11,2020-11-30,A,monthly,base,0.5,1.2511,0.5,0.7553,800.0,emergent,0.5,1.0,False,113114.54444394352,gurobi,0.0004235935192807,7.7,1.1,1243310.6437709716,1243310.6437709709,1051970.8186344183,196792.490154,0.0,-5452.665017446233,0.0,0.0,-1.164153218269348e-09,76873.1590677882,54526.65017446233,22346.50889332587,29.069325580363227,16.0,0.0,7.0,0.0,9.0,64.74918502032219,32.36761497967782,1011.706015942534,505.74398405746587,22518.0,244,375,500.0,348.13000198370696,500.0,5,0.6962600039674139,10.73013466235001,13.262735381474393,2.532600719124382,22.650614144034822,13.182699752616523,0.0,0.0,0.0,0.0,0.0,,,0.0,0.0,0.0,,0.0,,,,0.0,29875.710800616813,23861.80969896398,5895.783712760669,0.0,118.11738889216,1848.167966931856,23940.472271447907,15721.383345931272,0.0,9317.8,9548.0,144.0,0.0,6455.137283679821,968.230970516372,45255.11395333429
m11__B__base,m11,2020-11-30,B,monthly,base,0.5,1.2511,0.5,0.7553,800.0,emergent,0.5,1.0,False,113114.54444394352,gurobi,0.0004676799365299,9.3,1.2,1162486.526649543,1162486.5266495424,995866.7299380588,168435.327132,0.0,-5643.7378798012805,0.0,3828.207459285599,-6.984919309616089e-10,76873.1590677882,56437.3787980128,20435.7802697754,26.583765409919923,9.0,0.0,6.0,0.0,3.0,65.10885283831604,30.15215511924364,1022.7515633352144,473.64010333145217,21150.0,248,377,500.0,331.2875092613787,500.0,9,0.7152992941155514,9.629246288687774,14.217705974212954,4.58845968552518,21.25681192,11.910113097519176,39.328446377222605,353.95601739500347,1.028230194580456,1.3643994674730433,1914.1037296428,,,0.0,0.0,0.0,,0.0,,,,0.0,29638.895175631995,24524.77588699526,5076.021044223296,0.0,38.09824441344,1846.8306619149064,24536.34299828052,13639.019481674331,0.0,9317.8,9564.0,48.0,0.0,7595.824148389515,1814.476087864185,45180.2478998442
m11__C__base,m11,2020-11-30,C,monthly,base,0.5,1.2511,0.5,0.7553,800.0,emergent,0.5,1.0,False,108978.89779182,gurobi,0.0004004334040201,7.2,1.5,1221911.8580288996,1221911.8580288992,1052844.629408887,168901.050132,0.0,-5424.858138881414,5591.036626894375,0.0,-2.3283064365386963e-10,76873.1590677882,54248.58138881414,22624.57767897407,29.43104973612869,18.0,0.0,6.0,0.0,12.0,62.87623590068685,31.41665750032839,1032.2182060362757,515.7567939637244,22150.0,260,394,500.0,331.7201406657694,500.0,7,0.6761957769567601,14.969838725335668,16.97091943347571,2.001080708140039,23.006343527758435,6.405838992498269,0.0,0.0,0.0,0.0,0.0,,,3181.266655479623,4135.64665212351,357.6614068376849,11.242735852451268,1687.9401697489643,53.05874522783386,3.186918275146105,1.0,0.0,31182.39601392473,25774.448911766904,5255.505063993345,0.0,152.44203816448,1765.2424943811434,25795.737882772144,14106.425172357242,0.0,9317.8,9552.0,184.0,0.0,6757.581131512185,1745.1186948972718,43980.639068023534
m11__D__base,m11,2020-11-30,D,monthly,base,0.5,1.2511,0.5,0.7553,800.0,emergent,0.5,1.0,False,108978.89779182,gurobi,0.0004313407094989,6.0,1.5,1141720.7482799538,1141720.7482799536,998470.815666384,140543.88710999998,0.0,-5607.49925398338,4482.255041068789,3831.289716484654,-6.984919309616089e-10,76873.1590677882,56074.9925398338,20798.1665279544,27.05517345737565,11.0,0.0,5.0,0.0,6.0,63.243559498504666,29.298002214341683,1046.1538800377648,484.637786628902,23770.0,271,397,500.0,305.5819787484777,500.0,8,0.7030978233581305,13.283516285509252,13.417942958815445,0.13442667330619,3.7469353371510223,0.4955882352941186,46.97495932816533,375.79967462532267,1.0028520337919664,1.3917040390109423,1915.644858242327,,,3181.266655479623,4135.64665212351,275.5241404132124,8.660831368493788,1632.950352528094,51.33019420787607,3.172523649633145,1.0,0.0,31128.401316556505,26659.273684254105,4398.58268207136,0.0,70.54495023104,1743.744069773199,26618.27836509336,11911.028514000292,0.0,9317.8,9540.0,88.0,0.0,7957.623892775926,1687.4098704552034,44686.21470682947
m12__A__base,m12,2020-12-07,A,monthly,base,0.5,1.2511,0.5,0.5211,800.0,emergent,0.5,1.0,False,118743.61003542352,gurobi,0.0004907485266176,8.5,1.1,1338660.1572017344,1338660.157201731,1281306.1487467275,62431.307472,0.0,-5077.299016992797,0.0,0.0,-3.725290298461914e-09,55973.33450607555,50772.990169927965,5200.344336147593,9.290753145291225,16.0,0.0,3.0,0.0,13.0,47.19038742876848,43.12274816445186,928.0776194324468,848.0807139008866,18726.0,219,472,500.0,133.39007961417997,484.8310029355758,0,0.3489479648863809,19.28158656139573,19.162688571799645,-0.1188979895960867,6.445973144995186,0.0,0.0,0.0,0.0,0.0,0.0,,,0.0,0.0,0.0,,0.0,,,,0.0,44884.47724243685,40884.76609570254,3915.449574423272,0.0,84.26157231104,1674.1779485465368,40415.832632739206,10435.104500882077,143.0,7362.8,9572.0,104.0,0.0,11385.331889819749,6116.7453820415285,31596.73494952015
m12__B__base,m12,2020-12-07,B,monthly,base,0.5,1.2511,0.5,0.5211,800.0,emergent,0.5,1.0,False,118743.61003542352,gurobi,0.0002936790241862,6.6,1.1,1272492.4898696332,1272492.489869628,1234761.2919197646,39532.390878,0.0,-5251.847589743459,0.0,3450.654661613028,-6.286427378654481e-09,55973.33450607555,52518.47589743459,3454.858608640969,6.172329447812272,6.0,0.0,3.0,0.0,3.0,41.844843814995535,46.83445133918948,791.564962166999,885.9517044996677,16016.0,192,454,500.0,164.21803070826624,421.89281940144696,0,0.4100814880285294,20.2662158909827,20.118824089683947,-0.1473918012987508,6.461302253064957,0.0,0.0,0.0,1.1469716069480764,1.0096875565600665,1725.327330806514,,,0.0,0.0,0.0,,0.0,,,,0.0,45053.36273115951,41960.3077087213,3074.067733892919,0.0,18.98728854528,1884.471997532992,41455.91921894664,7901.81241439133,275.10927465405223,7362.8,9572.0,24.0,0.0,12042.929115051627,6210.690900479265,32380.38388437069
m12__C__base,m12,2020-12-07,C,monthly,base,0.5,1.2511,0.5,0.5211,800.0,emergent,0.5,1.0,False,114607.9633833,gurobi,0.0002528087290491,7.2,1.3,1311628.3565591094,1311628.3565591057,1255263.8899722227,56403.844044,0.0,-5146.927516769042,5107.550059655901,0.0,-3.725290298461914e-09,55973.33450607555,51469.27516769041,4504.0593383851465,8.046794742764984,8.0,0.0,2.0,0.0,6.0,44.35058918281536,46.74007748385132,831.573547177788,876.3764528222122,17040.0,195,450,500.0,150.71287162041537,414.4405895446584,0,0.3574245111522826,23.434750355638567,23.521181549486226,0.0864311938476543,3.877674447818791,0.0,0.0,0.0,0.0,0.0,0.0,,,3181.266655479624,4135.646652123512,282.9901481912334,8.895518007074084,1630.3916781699877,51.24976478666739,3.1655185770724925,1.0,0.0,44701.18324549023,41073.30648789687,3589.654845857044,0.0,38.22191173632,1742.963494053094,40589.70798808122,9769.326879651871,0.0,7362.8,9572.0,48.0,0.0,11612.173190541256,5779.661629727661,32334.4768533684
m12__D__base,m12,2020-12-07,D,monthly,base,0.5,1.2511,0.5,0.5211,800.0,emergent,0.5,1.0,False,114607.9633833,gurobi,0.0002154017185479,7.5,1.6,1249023.1633483344,1249023.1633483283,1213481.2952678297,33711.91545,0.0,-5326.6766973670665,3651.8896820782447,3504.7396457941422,-6.5192580223083504e-09,55973.33450607555,53266.76697367065,2706.5675324048952,4.835458806033995,2.0,0.0,2.0,0.0,0.0,43.45205202868769,46.338082500460295,807.4839668664462,861.1160331335537,16490.0,192,446,500.0,179.89905160399607,433.59833340807273,0,0.4198186438482953,22.314454609525608,22.259060188444256,-0.055394421081349,6.398610727035102,0.0,0.0,0.0,1.1611666597533867,1.0292956188679525,1752.3698228970711,,,3181.266655479623,4135.646652123511,219.52716179142408,6.900621216812997,1635.753792961914,51.418317610829135,3.1389279412523017,1.0,4.263256414560601e-14,44478.22326578424,41527.6782015154,2950.545064268835,0.0,0.0,1956.924985703859,41049.15399857211,7671.630796633183,198.0,7362.8,9572.0,0.0,0.0,12085.9248946982,6195.31728079163,33028.59981247697
median__A__base,median,2020-03-16,A,base,base,0.5,1.2511,0.5,0.417,800.0,emergent,0.5,1.0,False,114535.9137917835,gurobi,0.0004608926283418,6.7,1.1,1593873.3925066656,1593873.3925066628,1484994.1272962438,112755.941088,0.0,-3876.6758775785584,0.0,0.0,-2.561137080192566e-09,43035.36057927149,38766.75877578558,4268.601803485905,9.918824301757867,15.0,0.0,4.0,0.0,11.0,56.86621425306546,42.92276533877128,1161.0185410000863,876.3397923332468,23930.10348867052,251,490,500.0,148.78961317912982,500.0,2,0.4291364112252976,18.51201838801849,18.07066540724185,-0.441352980776627,5.593613643352679,-0.0539681558432328,0.0,0.0,0.0,0.0,0.0,,,0.0,0.0,0.0,,0.0,,,,0.0,45826.23823010221,38212.693344948624,7521.68735234847,0.0,91.85753280512,1437.4378592159385,37766.26497981105,20281.89003618688,0.0,8112.0,9572.0,112.0,0.0,16669.110446883547,7489.096694501067,13171.113775185033
median__A__f02,median,2020-03-16,A,dc_flex,f02,0.5,1.2511,0.5,0.417,800.0,emergent,0.2,1.0,False,116374.52580212116,gurobi,0.0004465636593502,12.1,3.3,1634890.321992535,1634890.322046658,1520351.3788283276,118472.922516,0.0,-3933.979297666884,0.0,0.0,-2.7939677238464355e-09,43035.36057927149,39339.79297666884,3695.5676026026495,8.587281604845355,17.0,0.0,5.0,0.0,12.0,54.13593451796568,44.7443074175182,1118.8093133712907,924.7156866287096,23272.0,249,496,500.0,127.64787654248612,500.0,2,0.4685227179230924,18.64578598468514,17.94350027207964,-0.7022857126055007,5.630621729589574,-2.815310864794787,0.0,0.0,0.0,0.0,0.0,,,0.0,0.0,0.0,,0.0,,,,0.0,46606.48108945839,38662.86890625769,7831.819536007101,0.0,111.7926471936,1279.7118111880534,38215.66565021616,21023.510828872862,44.0,8112.0,9572.0,136.0,0.0,16318.007287252174,8419.833706557489,13322.24017167112
median__A__f08,median,2020-03-16,A,dc_flex,f08,0.5,1.2511,0.5,0.417,800.0,emergent,0.8,1.0,False,112697.30178075995,gurobi,0.0004663868554185,7.9,1.2,1554822.2404396927,1554822.2404396872,1418163.0608344371,140595.63411,0.0,-3936.454504745697,0.0,0.0,-4.190951585769653e-09,43035.36057927149,39364.545047456966,3670.815531814516,8.529765946895793,12.0,0.0,5.0,0.0,7.0,56.69144149092195,42.49843192679957,1119.6559694457085,839.3440305542916,22922.0,238,474,500.0,158.71746574378918,500.0,3,0.5414928994708648,18.050831392963307,18.66747015981974,0.6166387668564329,25.698370231343464,8.566123410447824,0.0,0.0,0.0,0.0,0.0,,,0.0,0.0,0.0,,0.0,,,,0.0,44545.49537918577,37629.65273680998,6870.467475937386,0.0,45.3751664384,1546.823969009239,37205.40516715161,18450.85156615138,0.0,8112.0,9576.0,56.0,0.0,16490.066787569074,8329.149055065238,12998.50523581342
median__A__hist,median,2020-03-16,A,history,hist,0.5,1.2511,0.5,0.417,800.0,emergent,0.5,1.0,False,114535.9137917835,gurobi,0.0004829736190075,7.0,1.1,1592935.351756652,1592935.3517566486,1478363.5570477257,118472.922516,0.0,-3901.127807073314,0.0,0.0,-3.725290298461914e-09,43035.36057927149,39011.27807073314,4024.082508538345,9.3506420171058,17.0,0.0,5.0,0.0,12.0,53.82295155426362,46.98856230501144,1051.790178289568,918.2348217104318,21884.0,229,469,500.0,109.30433061445602,486.4104674103848,0,0.4690825412233422,18.63066575218809,17.953937664835504,-0.6767280873525845,5.630621729589553,0.0,0.0,0.0,0.0,0.0,0.0,,,0.0,0.0,0.0,,0.0,,,,0.0,45317.18788206355,37629.445080370846,7582.669122076692,0.0,105.073679616,1449.923706278418,37294.6349627196,20449.000758330763,44.0,8112.0,9572.0,128.0,0.0,16250.459743050524,8147.048052684981,13163.846568719222
median__A__native,median,2020-03-16,A,baseline,native,0.5,1.2511,0.5,0.417,800.0,emergent,0.5,1.0,False,114535.91378995332,gurobi,0.0004908552646223,8.6,1.2,1577695.0596283707,1577695.0596283665,1469075.0914431764,112548.953088,0.0,-3928.984902806209,0.0,0.0,-3.958120942115784e-09,43035.36057927149,39289.84902806208,3745.511551209405,8.703334887389037,11.0,0.0,4.0,0.0,7.0,57.8577077719094,42.68485421156167,1166.7971067335063,860.811226599827,23378.0,244,484,500.0,164.6429983575293,500.0,3,0.4630123206569508,17.777696646799203,18.60197125909416,0.824274612294951,23.07537685770452,8.22450409289297,0.0,0.0,0.0,0.0,0.0,,,0.0,0.0,0.0,,0.0,,,,0.0,45333.64711171211,37781.608336442085,7487.581392552586,0.0,64.45738271744,1545.07246985313,37344.58295950956,20202.88647888629,0.0,8112.0,9576.0,80.0,0.0,16302.401237744822,8021.362527860012,13421.01279260412
median__A__prevday,median_prev,2020-03-15,A,history,prevday,0.5,1.2511,0.5,0.4277,800.0,emergent,0.5,1.0,False,107574.7315477835,gurobi,0.0004961651298164,9.0,1.1,1586491.6064258704,1586491.6064258704,1421365.2760923991,168487.074132,0.0,-3360.743798529076,0.0,0.0,2.3283064365386963e-10,41164.06992375223,33607.43798529076,7556.631938461466,18.3573489027167,10.0,0.0,6.0,0.0,4.0,44.07250313866214,52.11395974343392,841.0502682294691,994.5080651038642,17036.0,190,458,500.0,100.21532648226646,500.0,2,0.5075843246489595,16.92292919980335,16.97745353894201,0.0545243391386624,0.7122842418873887,0.0,0.0,0.0,0.0,0.0,0.0,,,0.0,0.0,0.0,,0.0,,,,0.0,46418.14512433196,40242.79447844945,6143.519663989401,0.0,31.83098189312,1196.369559406848,39815.620901653165,16614.572660839567,0.0,7996.6,9568.0,40.0,0.0,11700.551379941731,5564.602684557127,15145.914361385052
median__A__vre30,median,2020-03-16,A,vre_share,vre30,0.3,0.7506,0.3,0.2502,800.0,emergent,0.5,1.0,False,114535.9137917835,gurobi,0.00049517736502,22.9,1.4,1821867.8058080047,1821867.8058080056,1812475.133930454,11951.432856,0.0,-2558.7609784487886,0.0,0.0,6.984919309616089e-10,25821.21634756289,25587.60978448788,233.60656307501097,0.904707818294004,14.0,0.0,2.0,0.0,12.0,57.81252262065707,46.570039656923,1353.776571367053,1090.5150952996137,26412.0,253,562,500.0,-63.51467283786239,371.4079633032096,0,0.3117071604082568,22.70696182669126,22.73130995525252,0.024348128561259,0.5411207684570343,0.0,0.0,0.0,0.0,0.0,0.0,,,0.0,0.0,0.0,,0.0,,,,0.0,54613.57725884499,44386.2005653703,10128.693943701886,0.0,98.6827497728,928.0943814055432,43861.3380581479,27160.543596839485,128.4806322033454,8112.0,9592.0,120.0,0.0,10907.176178706392,5134.394669050401,8617.944555325543
median__A__vre70,median,2020-03-16,A,vre_share,vre70,0.7,1.7515,0.7,0.5838,800.0,emergent,0.5,1.0,False,114535.9137917835,gurobi,0.0004957857935712,41.9,1.3,1484105.3347802549,1484105.3347802442,1325139.6101097858,163515.306822,0.0,-4549.58215153626,0.0,0.0,-5.3551048040390015e-09,60249.50481098007,45495.8215153626,14753.68329561747,24.48764241615594,21.0,0.0,9.0,0.0,12.0,56.28493331317996,36.77291792648947,1135.0794884824625,741.5871781842043,23832.0,273,484,500.0,169.31624221672695,500.0,5,0.5445680104307242,14.477320566400271,16.12803738174522,1.6507168153449463,23.07537685770452,7.923440713655724,0.0,0.0,0.0,0.0,0.0,,,0.0,0.0,0.0,,0.0,,,,0.0,41681.73481613143,35440.56403496078,6129.27188458697,0.0,111.89889658368,1620.8373190630934,35018.80000597171,15859.46146444156,439.83080600763526,8112.0,9564.0,136.0,0.0,20246.377238356545,8240.589191964262,15388.0177659787
median__A__w05,median,2020-03-16,A,window_scale,w05,0.5,1.2511,0.5,0.417,800.0,emergent,0.5,0.5,False,112951.34383832489,gurobi,0.0004729017730763,29.5,7.0,1560464.7832683618,1560464.7837791336,1423761.030708133,140647.38111000002,0.0,-3943.6280389951744,0.0,0.0,-4.190951585769653e-09,43035.36057927149,39436.28038995174,3599.080189319746,8.363076644124337,13.0,0.0,5.0,0.0,8.0,57.061971687635584,42.3843441018381,1129.3515229844545,838.8568103488791,23208.0,240,475,500.0,103.3430920450832,488.3591008562509,0,0.4742338050844757,19.06090590863741,18.40949292032576,-0.651412988311653,5.305426183436211,0.0,0.0,0.0,0.0,0.0,0.0,,,0.0,0.0,0.0,,0.0,,,,0.0,44650.47068976045,37679.38628286622,6918.817835343503,0.0,52.26657155072,1546.823969009239,37249.80556442938,18580.75788394372,0.0,8112.0,9576.0,64.0,0.0,17139.781406734026,7384.359600231655,13365.31541397682
median__A__w20,median,2020-03-16,A,window_scale,w20,0.5,1.2511,0.5,0.417,800.0,emergent,0.5,2.0,False,114449.437027597,gurobi,0.0003632789562677,9.3,2.0,1592017.3120523288,1592017.3120523267,1483135.9852174758,112755.941088,0.0,-3874.614253147112,0.0,0.0,-2.0954757928848267e-09,43035.36057927149,38746.14253147112,4289.218047800369,9.96672966152937,15.0,0.0,4.0,0.0,11.0,57.000623477294056,42.78835611454269,1163.7627293280868,873.5956040052464,23760.0,250,490,500.0,171.9872479219065,500.0,3,0.4694216200263562,18.51201838801848,18.07066540724185,-0.4413529807766267,5.593613643352615,-0.0359787705621628,0.0,0.0,0.0,0.0,0.0,,,0.0,0.0,0.0,,0.0,,,,0.0,45782.45006314595,38186.66163274055,7503.799972805396,0.0,91.9884576,808.998408082468,37740.04743989262,20242.24705623329,0.0,8112.0,9572.0,112.0,0.0,17036.94876667874,7679.735305540433,13220.460051169475
median__B__base,median,2020-03-16,B,base,base,0.5,1.2511,0.5,0.417,800.0,emergent,0.5,1.0,False,114535.9137917835,gurobi,0.000402750711269,8.0,1.0,1519814.7145045556,1519814.7145045532,1436281.8715337222,84605.76606600001,0.0,-4055.8676829542687,0.0,2982.9445877881,-2.7939677238464355e-09,43035.36057927149,40558.67682954269,2476.6837497288006,5.754997091674714,12.0,0.0,3.0,0.0,9.0,52.21962692813218,45.56276300897475,1037.865085196627,905.5599148033732,21314.0,232,477,500.0,158.7142101271155,500.0,3,0.4903887970171741,18.944405698764484,18.295064024350847,-0.6493416744136407,5.59361364335264,-3.389337193726385,0.0,0.0,0.9219544457292888,0.9423859216382736,1491.47229389405,,,0.0,0.0,0.0,,0.0,,,,0.0,45591.08245550416,38803.258766870895,6722.402803933106,0.0,65.42088470016,1514.1826979280272,38346.1621563724,18205.275798908555,0.0,8112.0,9572.0,80.0,0.0,17207.963737772166,8229.194293154873,13607.336100687622
median__B__dedicated,median,2020-03-16,B,vpl_mode,dedicated,0.5,1.2511,0.5,0.417,800.0,dedicated,0.5,1.0,False,114535.9137917835,gurobi,0.0004982790451294,120.8,2.2,1552722.485963642,1552722.4859636396,1480658.840344899,73606.535328,0.0,-3907.573641913564,0.0,2364.683932656789,-3.026798367500305e-09,43035.36057927149,39075.73641913564,3959.6241601358456,9.200862051201328,15.0,0.0,5.0,0.0,10.0,56.747453183750245,41.68528134718788,1184.6030852107865,870.1802481225469,24030.0,258,501,500.0,108.63940782215408,500.0,3,0.4331254633986452,19.33848954039879,18.500573636371737,-0.8379159040270548,5.138066482728789,-3.909722299659613,26.6666666666667,80.0000000000001,0.6279274579104928,0.8500000000000001,1182.3419663283944,17.0,0.0,0.0,0.0,0.0,,0.0,,,,0.0,46025.65852807561,38576.91140019144,7363.7810001913695,0.0,84.9661276928,1438.3677130028298,38111.9365599725,19620.01061244104,212.3787825275989,8112.0,9576.0,104.0,0.0,16542.501896172413,7775.357397968142,13319.509411992258
median__B__explicit,median,2020-03-16,B,vpl_mode,explicit,0.5,1.2511,0.5,0.417,800.0,explicit,0.5,1.0,False,114535.9137917835,gurobi,0.0004795041916485,40.4,1.2,1552097.2165835367,1552097.2165835337,1480013.1372750842,73606.535328,0.0,-3908.311859774416,0.0,2385.8558402257336,-1.862645149230957e-09,43035.36057927149,39083.11859774415,3952.241981527336,9.183708300171608,15.0,0.0,5.0,0.0,10.0,56.85811133765084,41.26252358298408,1194.0203380906676,866.5129952426656,24826.0,263,504,500.0,97.1567307197443,500.0,4,0.4477434240987265,18.35716798553064,18.03692285563258,-0.3202451298980571,3.2427483149416503,-1.1107837006529089,0.0,0.0,0.6411599001410835,0.85,1192.9279201128668,10.0,7.0,0.0,0.0,0.0,,0.0,,,,0.0,46091.466522731534,38684.84068190637,7320.937739817805,0.0,85.68810100736,1545.07246985313,38215.68595954828,19522.2471437481,212.37878252760072,8112.0,9572.0,104.0,0.0,16197.80388671561,7968.638598673432,13371.603642501976
median__B__f02,median,2020-03-16,B,dc_flex,f02,0.5,1.2511,0.5,0.417,800.0,emergent,0.2,1.0,False,116374.52580212116,gurobi,0.0004210879032795,30.2,5.9,1560355.0657110112,1560355.0657110095,1471191.613446676,90322.747494,0.0,-4109.549455998194,0.0,2950.2542263337245,-1.862645149230957e-09,43035.36057927149,41095.49455998193,1939.8660192895504,4.507609540569089,14.0,0.0,4.0,0.0,10.0,53.17537690932578,45.06322678677277,1079.0170231184022,914.4079768815976,22550.0,240,487,500.0,119.32323158701676,500.0,1,0.4643298801993364,18.7355956857828,18.078945490891915,-0.6566501948908786,5.593613643352633,-4.574397937826539,0.0,0.0,0.9219544457292888,0.921954445729289,1475.1271131668625,,,0.0,0.0,0.0,,0.0,,,,0.0,46368.75313695216,39249.929324393146,7039.719399851178,0.0,79.10441270784,1546.823969009239,38793.51715886965,18990.274286288703,44.0,8112.0,9572.0,96.0,0.0,17519.75201279975,8295.106767321236,13733.811810851714
median__B__f08,median,2020-03-16,B,dc_flex,f08,0.5,1.2511,0.5,0.417,800.0,emergent,0.8,1.0,False,112697.30178075995,gurobi,0.0004805501673328,15.2,5.0,1481389.0525405535,1481389.0525405465,1369920.2587151234,112652.447088,0.0,-4133.907488905247,0.0,2950.2542263337245,-5.122274160385132e-09,43035.36057927149,41339.07488905247,1696.285690219018,3.941609103273216,13.0,0.0,4.0,0.0,9.0,51.58565585406548,46.47554148518064,969.3804495909804,873.3528837423529,19816.0,214,451,500.0,151.36399095234364,500.0,6,0.5097391782093471,19.34559034730557,18.797254052998422,-0.5483362943071528,4.455774454430006,-2.227887227215003,0.0,0.0,0.921954445729289,0.921954445729289,1475.1271131668625,,,0.0,0.0,0.0,,0.0,,,,0.0,43901.8062539273,37687.05009979311,6149.368363506352,0.0,65.38779062784,1546.823969009239,37317.97809048687,16600.491119329607,0.0,8112.0,9576.0,80.0,0.0,17595.437311089037,8526.316199508961,13670.497409445234
median__B__hist,median,2020-03-16,B,history,hist,0.5,1.2511,0.5,0.417,800.0,emergent,0.5,1.0,False,114535.9137917835,gurobi,0.0001402192396369,8.2,1.0,1518646.276142771,1518646.2761427683,1434309.728350054,85464.766266,0.0,-4078.472699616334,0.0,2950.254226333724,-3.026798367500305e-09,43035.36057927149,40784.72699616334,2250.6335831081474,5.229730976605765,16.0,0.0,3.0,0.0,13.0,52.076602263943066,46.75215310086381,1011.1540272915612,907.7709727084388,20868.0,226,466,500.0,138.803020416545,500.0,3,0.485007832016146,18.461288330644667,18.153877568042244,-0.3074107626024238,4.455774454430021,-2.5290437165088355,2.401397968870356,7.204193906611067,0.9219544457292888,0.9219544457292886,1475.1271131668618,,,0.0,0.0,0.0,,0.0,,,,0.0,45018.10509024334,38094.05063436751,6801.141454596768,0.0,122.9130012790592,1488.3133443066718,37760.59106531742,18493.91227968511,0.0,8112.0,9572.0,128.0,20.0,17600.35299736743,8074.164929550484,13621.895724938751
median__B__native,median,2020-03-16,B,baseline,native,0.5,1.2511,0.5,0.417,800.0,emergent,0.5,1.0,False,114535.91378995332,gurobi,0.0004588474100093,10.4,1.3,1503120.2280627273,1503120.2280627247,1419847.8146648784,84398.778066,0.0,-4109.942283281454,0.0,2983.5776151307373,-3.026798367500305e-09,43035.36057927149,41099.42283281453,1935.937746456949,4.498481528674393,8.0,0.0,3.0,0.0,5.0,53.44039982508039,45.51525049474903,1044.3144799151123,889.4438534182206,21284.0,227,469,500.0,154.69305811139444,500.0,4,0.4550432875583137,18.0818374196436,17.788400219772242,-0.2934371998713552,4.455774454430006,-1.7611283360157168,0.0,0.0,0.9427815637274218,0.9219544457292888,1491.7888075653686,,,0.0,0.0,0.0,,0.0,,,,0.0,45152.31067244813,38459.52872239113,6654.39601945349,0.0,38.38593060352,1460.2298148958348,38022.322095738135,18023.72297623669,0.0,8112.0,9570.607410062468,48.0,0.0,17817.803997836898,8244.887838259796,13576.501181822008
median__B__reson,median,2020-03-16,B,reserve_from_flex,reson,0.5,1.2511,0.5,0.417,800.0,emergent,0.5,1.0,True,114535.9137917835,gurobi,0.0004455510514601,17.1,2.9,1519793.05864427,1519793.0586442666,1436294.5739157558,84605.766066,0.0,-4057.535563819235,0.0,2950.2542263337245,-3.725290298461914e-09,43035.36057927149,40575.35563819235,2460.004941079134,5.716241035201238,12.0,0.0,3.0,0.0,9.0,52.84554569607271,45.22824885319353,1050.305220709445,898.9114459572216,21608.0,235,477,500.0,122.66012023070655,500.0,4,0.4874483777973197,18.324988268949053,17.953757920544472,-0.3712303484045784,4.455774454429996,-2.227887227215012,1.8010484766557997,7.204193906623198,0.921954445729289,0.921954445729289,1475.1271131668625,,,0.0,0.0,0.0,,0.0,,,,0.0,45525.287508803485,38708.21276879746,6751.686949378172,0.0,65.38779062784,1546.823969009239,38252.47480544023,18279.399897533083,0.0,8112.0,9572.0,80.0,0.0,16895.883868324578,8296.012856562014,13836.63494429652
median__B__soc50,median,2020-03-16,B,soc_initial,soc50,0.5,1.2511,0.5,0.417,800.0,emergent,0.5,1.0,False,114535.9137917835,gurobi,0.0003430392990523,7.3,1.2,1521488.0278635472,1521488.027863544,1437819.59700278,84605.76606600001,0.0,-4050.9856395473657,0.0,3113.650434314373,-3.026798367500305e-09,43035.36057927149,40509.85639547365,2525.5041837978347,5.868439696574251,12.0,0.0,3.0,0.0,9.0,52.94031052575967,45.01417799198565,1056.6003642432863,898.4079690900468,21856.0,236,479,500.0,153.68452474934952,500.0,2,0.4945403976269422,19.12112481650365,18.452994807871733,-0.6681300086319161,5.630621729589564,-2.3869383739934125,0.0,0.0,0.9341787578970404,1.0118527635494428,1556.8252171571864,,,0.0,0.0,0.0,,0.0,,,,0.0,45703.34719624256,38934.43537404548,6703.490937496905,0.0,65.42088470016,1423.011237426363,38467.74913617801,18144.042121983104,0.0,8112.0,9572.0,80.0,0.0,17225.80141851355,8507.218916013044,13353.824823520694
median__B__vpl100,median,2020-03-16,B,vpl_size,vpl100,0.5,1.2511,0.5,0.417,400.0,emergent,0.5,1.0,False,114535.9137917835,gurobi,0.0004983074194467,118.1,1.6,1560136.0358033243,1560136.0358033215,1460946.3134745758,101653.21635,0.0,-3966.8179249944815,0.0,1503.323903743132,-3.026798367500305e-09,43035.36057927149,39668.17924994481,3367.1813293266746,7.82422009250811,16.0,0.0,6.0,0.0,10.0,53.6008486464787,43.363118964857335,1103.2841346400198,892.5575320266468,22852.0,250,494,500.0,130.33806413668472,500.0,1,0.4619665437381543,18.98619448423064,18.326019492110508,-0.6601749921201348,5.630621729589564,-4.773876747986829,0.0,0.0,0.957200433949626,0.921954445729289,751.661951871566,,,0.0,0.0,0.0,,0.0,,,,0.0,45969.57905536426,38886.3783122096,6998.234615461854,0.0,84.9661276928,1546.823969009239,38431.69109293346,18621.31089317846,234.3787825276042,8112.0,9572.0,104.0,0.0,16876.217516170203,7748.519149623711,13496.618615141657
median__B__vpl100_f02,median,2020-03-16,B,vpl_x_fd,vpl100_f02,0.5,1.2511,0.5,0.417,400.0,emergent,0.2,1.0,False,116374.52580212116,gurobi,0.0003416043339448,19.2,2.8,1599603.5318957814,1599603.5320447574,1489514.709324388,112652.447088,0.0,-4038.751480794348,0.0,1475.1271131668625,-3.259629011154175e-09,43035.36057927149,40387.51480794348,2647.845771328012,6.152721240596224,13.0,0.0,4.0,0.0,9.0,55.29858205748115,46.5353162476036,1087.538780463796,915.1945528695376,22274.0,227,472,500.0,99.62099177513612,490.0481311978805,1,0.4827775732113916,19.641332090202088,18.93913056706121,-0.7022015231408748,5.630621729589564,-5.630621729589556,0.0,0.0,0.9219544457292888,0.921954445729289,737.5635565834311,,,0.0,0.0,0.0,,0.0,,,,0.0,45949.33077398485,38264.545742916176,7619.171387912193,0.0,65.61364315648,1546.823969009239,37896.72199657945,20519.94727228944,0.0,8112.0,9576.0,80.0,0.0,17180.817120547057,8104.402438010684,13555.471280376496
median__B__vpl100_f08,median,2020-03-16,B,vpl_x_fd,vpl100_f08,0.5,1.2511,0.5,0.417,400.0,emergent,0.8,1.0,False,112697.30178075995,gurobi,0.0004563222441367,16.9,2.8,1515522.2073958674,1515522.2073958635,1399601.2714188464,118472.922516,0.0,-4027.113652145338,0.0,1475.1271131668625,-4.6566128730773926e-09,43035.36057927149,40271.13652145338,2764.224057818107,6.423146037608732,17.0,0.0,5.0,0.0,12.0,50.52928265808789,44.91807463578103,995.8479457198156,885.2603876135178,20378.0,234,473,500.0,157.6846427420776,500.0,4,0.4695412248434434,19.4079617693904,18.75341900895747,-0.6545427604329291,5.305426183436218,-2.6527130917181045,0.0,0.0,0.9219544457292888,0.921954445729289,737.5635565834311,,,0.0,0.0,0.0,,0.0,,,,0.0,44581.12822921419,38131.84967963843,6344.204869959756,0.0,105.073679616,1546.823969009239,37691.74788831122,17072.50141441321,44.0,8112.0,9576.0,128.0,0.0,17184.507433734303,8046.7441541621265,13493.060964547713
median__B__vpl400,median,2020-03-16,B,vpl_size,vpl400,0.5,1.2511,0.5,0.417,1600.0,emergent,0.5,1.0,False,114535.9137917835,gurobi,4.081168687968507e-05,8.5,1.1,1452417.111659342,1452417.1116593394,1422150.213338919,28357.163022,0.0,-4113.368690041403,0.0,6023.1039884642805,-2.561137080192566e-09,43035.36057927149,41133.68690041402,1901.6736788574603,4.41886312385965,7.0,0.0,1.0,0.0,6.0,53.94491143963773,44.668086463926215,1072.1551148627998,887.7782184705335,22028.0,233,477,500.0,110.92278351451732,500.0,2,0.4357258600993427,18.629525014068843,18.09442281305107,-0.5351022010177705,5.825773763116303,-3.5083395306550447,4.641483384816468,9.282966769632935,0.9219544457292886,0.960265550665799,3011.5519942321403,,,0.0,0.0,0.0,,0.0,,,,0.0,45503.366016479886,38919.3121091528,6545.503957856363,0.0,38.54994947072,1546.823969009239,38432.766225968495,17847.355629221798,0.0,8112.0,9568.555388102512,48.0,0.0,17434.0608792877,8452.91692892851,13699.88512318858
median__B__vpl400_f02,median,2020-03-16,B,vpl_x_fd,vpl400_f02,0.5,1.2511,0.5,0.417,1600.0,emergent,0.2,1.0,False,116374.52580212116,gurobi,0.0002042822939392,16.2,2.8,1491176.82456258,1491176.8251523,1460892.6296084682,28564.151022,0.0,-4180.463930832531,0.0,5900.508452667449,-3.026798367500305e-09,43035.36057927149,41804.6393083253,1230.7212709461814,2.85979077293702,11.0,0.0,1.0,0.0,10.0,54.82867700089494,43.49800324350424,1121.7033503099758,889.8966496900243,22840.0,243,491,500.0,90.53189248857784,500.0,3,0.4834061914116629,18.82513169273224,18.62622016156613,-0.1989115311661069,4.773876747986829,-1.5912922493289194,15.967109564354285,47.90132869306285,0.921954445729289,0.9219544457292888,2950.2542263337245,,,0.0,0.0,0.0,,0.0,,,,0.0,46170.14470879226,39176.495531582405,6908.51903064985,0.0,85.13014656,1546.823969009239,38693.5797928896,18683.93979967098,0.0,8112.0,9572.0,104.0,0.0,17817.81680773078,8574.561675138757,13865.43685644653
median__B__vpl400_f08,median,2020-03-16,B,vpl_x_fd,vpl400_f08,0.5,1.2511,0.5,0.417,1600.0,emergent,0.8,1.0,False,112697.30178075995,gurobi,0.0001369250366435,22.1,2.8,1411343.3130593402,1411343.3130593346,1353034.5143704943,56403.844044,0.0,-4200.688525492268,0.0,6105.643170337303,-4.423782229423523e-09,43035.36057927149,42006.88525492267,1028.475324348809,2.3898378229092536,8.0,0.0,2.0,0.0,6.0,53.15770145814862,46.03604854185138,992.277093885441,859.3395727812258,20752.0,215,448,500.0,126.79478477261766,500.0,3,0.5113670877331131,18.881076256832365,18.422030211890625,-0.4590460449417388,5.598147534124959,9.899488636240978e-16,1.5939484227315006,4.781845268194502,0.9860590450011184,0.9219544457292888,3052.8215851686514,,,0.0,0.0,0.0,,0.0,,,,0.0,43914.511500158085,38002.28167925908,5873.679871428293,0.0,38.54994947072,1546.823969009239,37639.04282934776,15933.106917401652,0.0,8112.0,9572.0,48.0,0.0,18077.0958161243,8645.024513305354,13737.940956483784
median__B__vpl650,median,2020-03-16,B,vpl_size,vpl650,0.5,1.2511,0.5,0.417,2600.0,emergent,0.5,1.0,False,114535.9137917835,gurobi,0.0001732072564666,6.4,1.2,1398446.5141567816,1398446.5141567783,1393177.579575078,0.0,0.0,-4210.181592547859,0.0,9479.116174253428,-5.122274160385132e-09,43035.36057927149,42101.81592547857,933.5446537929084,2.1692502194173824,0.0,0.0,0.0,0.0,0.0,55.65179969174711,43.5439897819371,1101.4418688991616,861.8081311008385,19386.0,218,475,500.0,92.90866692409097,500.0,6,0.5445497095381965,25.00597250058344,23.834220484025582,-1.1717520165578514,5.876249652002208,-1.6247642378740228,99.5678238476486,597.4069430858916,0.9009525108579088,0.9219544457292888,4739.558087126714,,,0.0,0.0,0.0,,0.0,,,,0.0,45851.48487553811,39946.66446094349,5904.820414594619,0.0,0.0,1546.823969009239,39499.07469796619,16106.320448453938,0.0,8112.0,9600.0,0.0,0.0,18086.38935475761,8645.024513305354,13823.578088406366
median__B__vpldown,median,2020-03-16,B,vpl_decomp,vpldown,0.5,1.2511,0.5,0.417,800.0,emergent,0.5,1.0,False,114535.9137917835,gurobi,0.0004117261083941,19.8,1.0,1560423.9690544235,1560423.9690544198,1433321.3990626289,129699.897372,0.0,-4072.454493372535,0.0,1475.1271131668625,-3.492459654808044e-09,43035.36057927149,40724.54493372535,2310.8156455461385,5.369574262749808,17.0,0.0,7.0,0.0,10.0,52.075563775311245,44.18807258832513,1050.1905361354432,891.1261305312233,21162.0,236,484,500.0,160.84133045833696,500.0,4,0.5740879937408,19.743325357514987,19.18177451402136,-0.5615508434936238,5.593613643352654,-0.6445451042644859,0.0216717126999047,0.0866868507996188,0.0,0.921954445729289,737.5635565834311,,,0.0,0.0,0.0,,0.0,,,,0.0,45532.77949093982,38806.16237000284,6641.3633070541,0.0,85.25381388288,1545.07246985313,38364.712492410246,17617.93585781151,234.3787825276023,8112.0,9576.0,104.0,0.0,17387.49149543933,8401.315916441072,13390.665051991818
median__B__vplup,median,2020-03-16,B,vpl_decomp,vplup,0.5,1.2511,0.5,0.417,800.0,emergent,0.5,1.0,False,114535.9137917835,gurobi,0.0004992299542194,424.5,3.7,1560153.6148442728,1560153.61484427,1460992.567610086,101653.21635,0.0,-3967.296228979963,0.0,1475.1271131668625,-2.7939677238464355e-09,43035.36057927149,39672.962289799616,3362.3982894718656,7.813105883656536,16.0,0.0,6.0,0.0,10.0,54.22442469358573,42.91739348823245,1118.3787593052054,885.1712406947945,23022.0,251,495,500.0,134.35207168797342,500.0,1,0.4369713603750421,18.908188386735784,18.2819876890995,-0.6262006976362827,5.593613643352629,-4.574397937826529,0.0,0.0,0.921954445729289,0.0,737.5635565834311,,,0.0,0.0,0.0,,0.0,,,,0.0,45945.79024605143,38851.295860604485,7009.462069609507,0.0,85.03231583744001,1546.823969009239,38396.58806693954,18645.7519347585,237.76977497702703,8112.0,9572.0,104.0,0.0,16726.853098213847,7816.324639968598,13582.960582607937
median__B__vre30,median,2020-03-16,B,vre_share,vre30,0.3,0.7506,0.3,0.2502,800.0,emergent,0.5,1.0,False,114535.9137917835,gurobi,0.0001641976972145,6.6,1.2,1792016.9494032776,1792016.94940328,1792786.9022063252,0.0,0.0,-2582.121634756289,0.0,1812.1688317095227,1.3969838619232178e-09,25821.21634756289,25821.21634756289,0.0,0.0,0.0,0.0,0.0,0.0,0.0,57.91859485514134,49.392516255969774,1303.1683842406803,1111.33161575932,24886.0,223,540,500.0,12.446406666118913,291.83180725023203,0,0.2627437762880861,24.342246124878287,24.34651922718324,0.0042731023049393,0.0512772276592876,0.0,0.0,0.0,0.3826055198184517,0.75,906.0844158547612,,,0.0,0.0,0.0,,0.0,,,,0.0,55092.4472591893,45330.543453170656,9761.903806018638,0.0,0.0,928.0943814055432,44826.54873018279,26365.410048040885,0.0,8112.0,9600.0,0.0,0.0,11058.100396174312,5187.014707983213,8648.006861999824
median__B__vre70,median,2020-03-16,B,vre_share,vre70,0.7,1.7515,0.7,0.5838,800.0,emergent,0.5,1.0,False,114535.9137917835,gurobi,0.0003773313544113,7.8,1.0,1397284.6915821454,1397284.6915821345,1258339.902095809,140543.88711,0.0,-4779.556528275663,0.0,3180.4589046083183,-7.450580596923828e-09,60249.50481098007,47795.565282756615,12453.939528223453,20.670608940762293,11.0,0.0,5.0,0.0,6.0,56.46343881944142,40.731069189711896,1028.1051151706629,741.6448848293375,21454.0,230,437,500.0,179.4398289559152,500.0,4,0.5940340192356527,16.632344976410028,16.53396848392421,-0.09837649248582,4.17467644533691,-0.5902589549149182,0.0,0.0,1.06583236965091,0.9219544457292888,1590.2294523041592,,,0.0,0.0,0.0,,0.0,,,,0.0,40616.7698971822,35131.00341549203,5446.749151022652,0.0,39.01733066752,2163.101457794381,34766.5842999022,14608.8929360019,0.0,8112.0,9568.0,48.0,0.0,19914.564729420952,9513.58414533896,16204.314950202324
median__B__w05,median,2020-03-16,B,window_scale,w05,0.5,1.2511,0.5,0.417,800.0,emergent,0.5,0.5,False,112951.34383832489,gurobi,0.000385490871774,11.1,1.4,1486598.4194180944,1486598.4194180905,1375324.9368533748,112445.459088,0.0,-4122.230749613563,0.0,2950.254226333724,-4.6566128730773926e-09,43035.36057927149,41222.30749613562,1813.053083135871,4.212938055430516,9.0,0.0,4.0,0.0,5.0,51.814263852785125,45.709919153750825,990.9477961845156,874.2022038154846,20044.0,219,459,500.0,169.99906166949407,500.0,6,0.5017012527186043,19.14275228921704,18.58578048241328,-0.5569718068037653,4.455774454430021,-2.227887227215002,0.0,0.0,0.9219544457292888,0.9219544457292888,1475.127113166862,,,0.0,0.0,0.0,,0.0,,,,0.0,44393.19796811193,38241.18056890916,6120.022398442447,0.0,31.99500076032,1500.77061628434,37800.947146425344,16527.905745146283,0.0,8112.0,9576.0,40.0,0.0,17532.17337834373,8534.42985230534,13654.933649202205
median__B__w20,median,2020-03-16,B,window_scale,w20,0.5,1.2511,0.5,0.417,800.0,emergent,0.5,2.0,False,114449.437027597,gurobi,0.0004959691801503,22.9,3.0,1518106.187700879,1518106.1877008767,1434580.825874443,84605.76606600001,0.0,-4054.327777819709,0.0,2973.9235382561405,-2.7939677238464355e-09,43035.36057927149,40543.27777819709,2492.0828010744035,5.790779413789194,12.0,0.0,3.0,0.0,9.0,52.3206633036106,45.570513166977626,1037.6931555216104,903.815177811723,21516.0,233,476,500.0,160.73421657688925,500.0,3,0.4837459742706842,18.85519180576536,18.234705044183148,-0.6204867615822122,5.53321302007048,-3.170793855982176,0.0,0.0,0.9219544457292888,0.9367477656807992,1486.9617691280705,,,0.0,0.0,0.0,,0.0,,,,0.0,45535.992639920834,38757.74125085228,6712.768670706947,0.0,65.4827183616,1469.3403473433425,38299.8582688005,18179.705998680856,0.0,8112.0,9572.0,80.0,0.0,17265.636586358167,8083.331148244448,13724.969696251128
median__C__base,median,2020-03-16,C,base,base,0.5,1.2511,0.5,0.417,800.0,emergent,0.5,1.0,False,110400.26713966,gurobi,0.0004360477851169,9.5,1.3,1567977.5490965291,1567977.5490965263,1458326.0526348017,112290.218088,0.0,-3949.083937667271,1310.3623113948056,0.0,-3.026798367500305e-09,43035.36057927149,39490.83937667271,3544.521202598776,8.236299533426095,6.0,0.0,4.0,0.0,2.0,58.29689596818777,43.55910403181223,1153.7927327037162,862.1072672962837,23740.12890271714,237,475,500.0,130.21602103212012,500.0,3,0.4611471332030963,20.90830993873801,21.24486100869449,0.3365510699564716,19.01327359198153,4.460883954130671,0.0,0.0,0.0,0.0,0.0,,,3181.2666554796224,4135.64665212351,150.53541078964457,4.731933128911169,1586.7380570867556,49.87755598398687,3.4210346379773635,1.0,1.4210854715202004e-14,45387.96133850145,38000.46415598253,7374.838990155403,0.0,12.65819236352,1246.9624835649709,37561.429615358415,19851.015897035264,0.0,8112.0,9572.12890271714,16.0,0.0,16955.790000228575,8061.840360409582,13226.246532469582
median__C__f02,median,2020-03-16,C,dc_flex,f02,0.5,1.2511,0.5,0.417,800.0,emergent,0.2,1.0,False,114720.26713966,gurobi,0.0002417036226992,7.5,1.3,1621936.814056372,1621936.814046802,1512785.406438491,112755.941088,0.0,-3958.214834215413,353.6813545302039,0.0,-3.958120942115784e-09,43035.36057927149,39582.14834215413,3453.212237117361,8.024127579357714,15.0,0.0,4.0,0.0,11.0,54.65187508136782,44.7802387397704,1120.3634391680405,917.9948941652932,22962.0,246,492,500.0,124.29403023114482,500.0,2,0.4913935659653382,19.846309889898247,19.15757399171581,-0.6887358981824373,5.63062172958956,-2.815310864794773,0.0,0.0,0.0,0.0,0.0,,,1272.5066634316588,1654.2586624611563,42.425853100844265,3.334037794853778,645.3969269864925,50.71854989316952,3.4009314476035533,1.0,9.53368797240728e-07,46454.59753699055,38585.06831697079,7764.758902733359,0.0,104.7703172864,1207.6980344064789,38141.48730333332,20902.39015663371,0.0,8112.0,9576.0,128.0,0.0,16712.218019200584,7999.722181361837,13662.510107185226
median__C__f08,median,2020-03-16,C,dc_flex,f08,0.5,1.2511,0.5,0.417,800.0,emergent,0.8,1.0,False,106080.26713966,gurobi,0.0004840008410721,9.8,1.4,1509088.2956349791,1509088.2956349782,1422369.0890380263,84709.26006599999,0.0,-3934.493751351782,5944.440282309553,0.0,-6.05359673500061e-09,43035.36057927149,39344.93751351781,3690.423065753672,8.5753273960744,14.0,0.0,3.0,0.0,11.0,54.45619762214808,42.88101651506605,1091.3929606772178,859.4070393227821,21766.0,242,481,500.0,197.3798846509369,500.0,2,0.5032821996619928,22.43855912049764,22.15324964622772,-0.2853094742699174,9.047340067326042,4.523670033663021,0.0,0.0,0.0,0.0,0.0,,,5090.026646999984,6617.034641099979,438.62481628193376,8.617338310801482,2574.2717889662445,50.57481949497253,3.45993189708322,1.0,0.0,44740.9758675462,37919.26462415875,6710.38597739065,0.0,111.3252659968,1296.2396085284795,37479.56146434065,18118.207479406123,0.0,8112.0,9576.0,136.0,0.0,16417.23331075081,8271.095895530334,13360.368698708193
median__C__hist,median,2020-03-16,C,history,hist,0.5,1.2511,0.5,0.417,800.0,emergent,0.5,1.0,False,110400.26713966,gurobi,0.0003328187779894,7.2,1.2,1564000.9675423554,1564000.9675423512,1453421.5918476405,112497.206088,0.0,-3965.5714397217766,2047.7410464364093,0.0,-3.725290298461914e-09,43035.36057927149,39655.714397217766,3379.6461820537224,7.853184303703895,10.0,0.0,4.0,0.0,6.0,55.76732588911021,47.306358321416106,1059.5791918930938,898.8208081069062,21348.0,214,456,500.0,122.14792189249825,500.0,2,0.4893518858935454,21.41084355365372,21.756030136106805,0.345186582453085,19.01327359198148,6.691325931195957,0.0,0.0,0.0,0.0,0.0,,,3181.266655479623,4135.646652123511,185.8244299690676,5.841208867197327,1653.084269665811,51.96308416392665,3.4004749326004133,1.0,0.0,45012.76474354806,37593.95636811932,7380.258425958026,0.0,38.54994947072,1361.8559522182825,37259.42321016808,19952.27618439768,0.0,8112.0,9576.0,48.0,0.0,16686.960405091857,8479.797423487686,13127.100616419944
median__C__mig05,median,2020-03-16,C,migration_cost,mig05,0.5,1.2511,0.5,0.417,800.0,emergent,0.5,1.0,False,110400.26713966,gurobi,0.0004654821277383,13.3,1.7,1566692.6317243795,1566692.6317243776,1466833.3521119994,101756.71035,0.0,-3946.5679438509455,2049.137206231485,0.0,-2.3283064365386963e-09,43035.36057927149,39465.67943850946,3569.6811407620235,8.29476294078364,18.0,0.0,6.0,0.0,12.0,54.39772674694575,42.35618106868552,1131.0194019469138,880.6555980530862,22812.0,254,499,500.0,182.37894938799013,500.0,3,0.5129608565938283,20.665548379630494,20.75352035215608,0.0879719725255794,12.794441945099145,2.387940071836528,0.0,0.0,0.0,0.0,0.0,,,3181.266655479623,4135.64665212351,294.0944800623605,9.244571798336766,1640.0420800015083,51.55311571183736,3.4118336401659786,1.0,0.0,45805.569278052375,38562.00793155965,7138.487666876726,0.0,105.073679616,937.0277635195724,38114.43393817058,18886.659731660315,320.64068344317354,8112.0,9576.0,128.0,0.0,16942.592100773727,8228.983689155519,13357.075885060647
median__C__mig20,median,2020-03-16,C,migration_cost,mig20,0.5,1.2511,0.5,0.417,800.0,emergent,0.5,1.0,False,110400.26713966,gurobi,0.0003384537448789,11.9,1.5,1569339.8129105773,1569339.8129340936,1459275.064068074,112290.218088,0.0,-3948.5973402969134,1723.1281183200504,0.0,-3.492459654808044e-09,43035.36057927149,39485.97340296912,3549.387176302355,8.247606453219683,6.0,0.0,4.0,0.0,2.0,58.90999918316309,43.12067308574447,1168.381650466068,855.2266828672654,23880.12890271714,238,476,500.0,140.90845335708295,500.0,3,0.4836955982736608,18.457100402994698,19.209499698067862,0.7523992950731645,23.07537685770452,7.78766975506409,0.0,0.0,0.0,0.0,0.0,,,3181.2666554796224,4135.646652123511,103.34893051141188,3.248672359275413,1637.7430074730771,51.480846619761394,3.4082826082261493,1.0,2.8421709430404014e-14,45252.99687725926,37787.29083799192,7453.047846903817,0.0,12.65819236352,1178.636961897104,37349.27835242151,20068.03313367573,0.0,8112.0,9572.12890271714,16.0,0.0,17036.515929523564,7909.031589836688,13361.788921711774
median__C__reson,median,2020-03-16,C,reserve_from_flex,reson,0.5,1.2511,0.5,0.417,800.0,emergent,0.5,1.0,True,110400.26713966,gurobi,0.0004985155996762,44.6,1.6,1566229.0015956098,1566229.0015956075,1467419.96510656,101756.71035,0.0,-3946.567943850945,998.8940829007684,0.0,-2.0954757928848267e-09,43035.36057927149,39465.67943850945,3569.681140762039,8.294762940783677,18.0,0.0,6.0,0.0,12.0,54.39651736290348,42.48541034793989,1128.727735280247,881.5722647197528,23474.128902717137,255,498,500.0,165.5470182230112,500.0,2,0.4632159748601273,18.30278497332033,18.65491628523357,0.3521313119132425,19.01327359198153,6.691325931195992,0.0,0.0,0.0,0.0,0.0,,,3181.2666554796224,4135.646652123511,117.40094000413868,3.690383508151371,1594.4347200413708,50.119493042025006,3.427265967443851,1.0,1.4210854715202004e-14,45773.342324720295,38503.34583326397,7164.922811840326,0.0,105.073679616,1148.0858602491417,38055.73304925834,18917.872401298588,352.0,8112.0,9572.128902717135,128.0,0.0,17020.71890106862,7997.877442044684,13298.997235147004
median__C__vre30,median,2020-03-16,C,vre_share,vre30,0.3,0.7506,0.3,0.2502,800.0,emergent,0.5,1.0,False,110400.26713966,gurobi,0.0002751054924204,6.8,1.5,1799943.188208333,1799943.188221948,1800445.9556824008,413.976,0.0,-2580.355046700847,1663.6115862470765,0.0,9.313225746154783e-10,25821.21634756289,25803.55046700848,17.66588055441889,0.0684161439826449,8.0,0.0,0.0,0.0,8.0,58.49857516437864,47.58506119925774,1340.5923475170105,1090.490985816323,25688.0,237,550,500.0,-70.00065384684594,307.68090061894725,0,0.2615385547557667,26.74812504505842,26.758582960904533,0.0104579158461131,0.1254949901532711,0.0,0.0,0.0,0.0,0.0,0.0,,,3181.266655479623,4135.646652123511,148.24047592491326,4.659794100239102,1567.2842743066053,49.26604538500448,3.3785827207828496,1.0,2.8421709430404014e-14,54548.66532073068,44485.08490057438,9998.626916652942,0.0,64.95350350336,928.0943814055432,44001.50317669704,26974.28048289472,0.0,8112.0,9596.0,80.0,0.0,11049.066904317857,5187.014707983213,8639.374473301858
median__C__vre70,median,2020-03-16,C,vre_share,vre70,0.7,1.7515,0.7,0.5838,800.0,emergent,0.5,1.0,False,110400.26713966,gurobi,0.0003315562290366,9.8,1.5,1446957.0215993791,1446957.02160162,1299942.5213717672,146519.60353800002,0.0,-4625.705998016274,5120.602689873707,0.0,-4.6566128730773926e-09,60249.50481098007,46257.059980162725,13992.44483081734,23.224165700142503,18.0,0.0,6.0,0.0,12.0,57.26613119911229,36.668467957005845,1131.0060911824678,724.2022421508655,23746.0,269,474,500.0,166.0243954297912,500.0,1,0.5172438487330165,20.29744635667701,20.665756182491062,0.3683098258140557,19.16792135558099,19.16792135558099,0.0,0.0,0.0,0.0,0.0,,,3181.2666554796224,4135.64665212351,351.81151479441087,11.058850228365095,1670.994384101681,52.52607106114322,3.538929030926241,1.0,2.8421709430404014e-14,41114.37197792079,35131.86859932054,5864.319801563439,0.0,118.1835770368,1812.8016265726192,34731.93730187671,15695.916509744064,121.0,8112.0,9564.0,144.0,0.0,19924.46972271883,8777.977043257491,15741.811587613793
median__C__w05,median,2020-03-16,C,window_scale,w05,0.5,1.2511,0.5,0.417,800.0,emergent,0.5,0.5,False,110400.26713966,gurobi,0.0004358909029682,9.3,1.4,1553782.0834583673,1553782.0840768176,1439918.3020215586,112548.953088,0.0,-3886.140517200136,5200.969484463018,0.0,-3.958120942115784e-09,43035.36057927149,38861.40517200135,4173.955407270134,9.69889725817836,11.0,0.0,4.0,0.0,7.0,59.38768526540034,43.18227181614473,1153.11088890319,838.4557777634768,24006.0,238,466,500.0,110.9767054638686,500.0,2,0.4749691243159128,21.972136029862792,22.3086870998193,0.336551069956511,19.01327359198153,6.691325931195992,0.0,0.0,0.0,0.0,0.0,,,1962.3666912806664,2551.0766986648664,278.2685538541406,14.18025260470248,962.0955590127757,49.02730785676448,1.8778671864868213,1.0,7.450580596923828e-07,44272.79664337844,36804.93867028892,7422.482806651114,0.0,45.3751664384,1546.823969009239,36445.107986315255,19979.830680008185,0.0,8112.0,9572.0,56.0,0.0,16194.249493696154,7697.539322819209,13422.792386476753
median__C__w20,median,2020-03-16,C,window_scale,w20,0.5,1.2511,0.5,0.417,800.0,emergent,0.5,2.0,False,110400.26713966,gurobi,0.0004916776937145,13.4,1.9,1559510.9445077972,1559510.944507794,1457661.0582175436,101756.71035,0.0,-3970.042368491227,4063.2183087449903,0.0,-3.492459654808044e-09,43035.36057927149,39700.42368491227,3334.936894359222,7.7492946485628735,18.0,0.0,6.0,0.0,12.0,54.52346718336389,42.10544847928673,1131.3619440548007,873.6880559451994,22706.0,252,498,500.0,161.73665100027054,500.0,2,0.4642868662360256,21.718766395769176,21.07630320663748,-0.6424631891317021,5.630621729589649,-5.16480778901399,0.0,0.0,0.0,0.0,0.0,,,3114.7460676438604,4049.1698879370174,190.13060242968885,6.104208763750443,2133.5440122961863,68.49816858136685,6.355957880196604,1.0,1.4210854715202004e-14,45758.223402959855,38676.57498089883,6975.943342381022,0.0,105.70507968,1266.3251005503191,38233.09302876511,18487.96455858767,279.45575533199946,8112.0,9576.0,128.0,0.0,16765.433787108414,8138.287029717763,13530.377767535769
median__D__base,median,2020-03-16,D,base,base,0.5,1.2511,0.5,0.417,800.0,emergent,0.5,1.0,False,110400.26713966,gurobi,0.0002950896953758,8.7,1.3,1493286.034443286,1493286.034447653,1424811.5138881195,68044.7949,0.0,-4125.151549918627,1604.6229831212831,2950.2542263337245,-3.2596290111541752e-09,43035.36057927149,41251.51549918626,1783.8450800852254,4.145068278908383,16.0,0.0,4.0,0.0,12.0,52.993073342840496,42.38583132247391,1088.5660482508486,870.6756184158181,22462.12890271714,251,493,500.0,111.7518842098126,500.0,2,0.4193467457041485,23.089406865496585,22.42281886045788,-0.6665880050387122,5.630621729589581,-5.183745195669738,0.0,0.0,0.921954445729289,0.921954445729289,1475.1271131668625,,,3181.2666554796224,4135.64665212351,167.22708441723023,5.256619533266327,1650.784743887299,51.89080082437853,3.403115576963109,1.0,2.8421709430404014e-14,45655.27105017609,39205.833292098505,6324.428964073102,0.0,125.00879400448,1545.07246985313,38733.57358685224,16899.628984305135,142.88336810512283,8112.0,9572.12890271714,152.0,0.0,17402.154037698725,8606.305670867043,13697.983320767364
median__D__dedicated,median,2020-03-16,D,vpl_mode,dedicated,0.5,1.2511,0.5,0.417,800.0,dedicated,0.5,1.0,False,110400.26713966,gurobi,0.0003386770183256,12.5,2.4,1519980.375769368,1519980.375769365,1463596.4386900451,56610.832044,0.0,-3969.0433231469215,1478.8310999657197,2263.317258504265,-3.026798367500305e-09,43035.36057927149,39690.433231469215,3344.9273478022715,7.772509171012724,12.0,0.0,2.0,0.0,10.0,55.37875316808879,43.27727955174762,1128.342095799809,881.7745708668577,22552.0,246,489,500.0,115.78346497333278,500.0,4,0.3779092135520225,20.82147476092788,20.4801387234408,-0.3413360374870741,7.159843208013989,-0.1115390461961656,27.5732758926973,110.2931035707892,0.7770732865651656,0.6375,1131.6586292521324,15.0,0.0,3181.2666554796224,4135.64665212351,136.74933933391657,4.29858148163627,1629.8376787927623,51.232350359106896,3.4174879906551574,1.0,1.4210854715202004e-14,45668.11128536238,38418.77356684908,7151.089255864979,0.0,98.24846264832,1538.4765508534122,37964.8186217507,19341.771079053884,0.0,8112.0,9576.0,120.0,0.0,16424.154072757112,8247.546998438775,13480.25560941992
median__D__explicit,median,2020-03-16,D,vpl_mode,explicit,0.5,1.2511,0.5,0.417,800.0,explicit,0.5,1.0,False,110400.26713966,gurobi,0.0003069138247176,10.0,1.5,1519041.2830352406,1519041.2830352369,1462590.940363959,56610.832044,0.0,-3970.960832340847,1509.242392605841,2301.2290670161046,-3.2596290111541752e-09,43035.36057927149,39709.60832340847,3325.752255863019,7.727952574574008,12.0,0.0,2.0,0.0,10.0,55.53666713731734,42.79829221227615,1138.5016763150054,877.364990351661,22922.0,249,492,500.0,127.21931490733938,500.0,4,0.408865650388953,20.466562045991687,20.374054011426534,-0.0925080345651498,6.803092933994442,0.0633017597084029,0.0,0.0,0.6375000000000001,0.8007681668850654,1150.6145335080523,10.0,7.0,3181.266655479624,4135.646652123511,142.6061398435054,4.482684266591459,1560.818315806538,49.06279431553095,3.428747239942662,1.0,0.0,45744.8138537264,38548.74578594605,7098.122967461627,0.0,97.94510031872,1545.07246985313,38083.6583325907,19207.101435849167,0.0,8112.0,9576.0,120.0,0.0,16687.15274274053,8028.239183200654,13449.143927614154
median__D__f02,median,2020-03-16,D,dc_flex,f02,0.5,1.2511,0.5,0.417,800.0,emergent,0.2,1.0,False,114720.26713966,gurobi,0.0001309720728443,7.1,1.3,1547592.2072266843,1547592.2072172053,1463496.6236646182,84605.766066,0.0,-4134.765701927402,674.3289621842525,2950.2542263337245,-3.492459654808044e-09,43035.36057927149,41347.65701927401,1687.703559997476,3.921667060018499,12.0,0.0,3.0,0.0,9.0,53.75932782597207,44.92703581039156,1084.1464444904368,906.0285555095631,22162.0,238,484,500.0,138.44187942449193,500.0,3,0.4923895051825893,22.49498822021987,21.83863314120985,-0.6563550790100249,5.593613643352654,-3.389337193726387,0.0,0.0,0.921954445729289,0.921954445729289,1475.1271131668625,,,1272.5066634316588,1654.2586624611563,68.27601369103371,5.365473961991598,673.3876318605337,52.91820084026607,3.403028683609308,1.0,9.533687830298732e-07,46208.98623083161,39162.82776773004,6974.441576291973,0.0,71.7168868096,1512.3252664348995,38707.4710816708,18871.214250558725,0.0,8112.0,9576.0,88.0,0.0,17614.75185958465,8626.133343835894,13594.446549418566
median__D__f08,median,2020-03-16,D,dc_flex,f08,0.5,1.2511,0.5,0.417,800.0,emergent,0.8,1.0,False,106080.26713966,gurobi,0.0003436333666819,8.1,1.4,1434089.1720540032,1434089.1720539995,1374997.850954522,56507.338044,0.0,-4113.704494300576,3536.039190296496,3161.6483594852966,-3.725290298461914e-09,43035.36057927149,41137.04494300575,1898.3156362657323,4.411060139182567,10.0,0.0,2.0,0.0,8.0,52.84813850495861,43.32480018425915,1041.5487297018926,853.8596036314408,21370.0,236,473,500.0,121.91540744730791,500.0,3,0.4702569232301366,21.18939621407472,21.319253671532177,0.1298574574574601,5.9161664749999865,1.038859659659734,3.675333725206732,11.026001175620197,1.0540757789490216,0.9219544457292888,1580.8241797426483,,,5090.026646999983,6617.034641099979,294.8606904245078,5.792910545926043,2673.3711309307405,52.52175118781357,3.4148726497696336,1.0,0.0,44612.55477927608,38635.338869853,5893.02052525667,0.0,84.1953841664,1546.823969009239,38180.83455308207,15939.795934072516,0.0,8112.0,9572.0,104.0,0.0,17585.253766834663,8474.715138497997,13530.252068663858
median__D__hist,median,2020-03-16,D,history,hist,0.5,1.2511,0.5,0.417,800.0,emergent,0.5,1.0,False,110400.26713966,gurobi,0.0004287761139764,8.4,1.4,1490350.2824409816,1490350.2824516268,1406410.2980218888,84347.031066,0.0,-4139.498046566599,746.1361752303798,2986.315235077657,-3.492459654808044e-09,43035.36057927149,41394.980465665976,1640.380113605508,3.811702961298336,7.0,0.0,3.0,0.0,4.0,53.94670695983666,47.95329304016333,1007.0051965836176,895.1281367497155,20434.0,208,448,500.0,158.43560655742144,500.0,4,0.4622875667041621,19.930315059019645,19.52014480432664,-0.4101702546930033,5.427562692294952,-2.528445721805592,0.0,0.0,0.925817536182938,0.940629485740598,1493.1576175388286,,,3181.2666554796224,4135.646652123511,89.50277666526046,2.8134320809321345,1644.666084396153,51.69846675893304,3.406235031073322,1.0,0.0,44791.55403294765,38189.6808879105,6576.207240458591,0.0,25.66590457856,1530.1326481600083,37857.18056888001,17889.894713113164,0.0,8112.0,9576.0,32.0,0.0,17532.83908730238,8622.880559688834,13709.128170514754
median__D__mig05,median,2020-03-16,D,migration_cost,mig05,0.5,1.2511,0.5,0.417,800.0,emergent,0.5,1.0,False,110400.26713966,gurobi,0.000452420649784,9.3,1.3,1491849.4533400205,1491849.4533400177,1422997.18483832,68044.79490000001,0.0,-4125.151549918627,1982.370925285648,2950.2542263337245,-3.2596290111541752e-09,43035.36057927149,41251.51549918626,1783.845080085224,4.145068278908379,16.0,0.0,4.0,0.0,12.0,53.12746468028588,42.59106892460211,1086.899381584182,871.3422850824849,21880.0,247,491,500.0,122.42307929884062,500.0,2,0.4322841025915981,21.441847761284453,20.775259756245745,-0.6665880050387103,5.63062172958956,-5.183745195669729,0.0,0.0,0.921954445729289,0.921954445729289,1475.1271131668625,,,3181.266655479624,4135.64665212351,283.39904533126554,8.908371287993742,1637.8255886016052,51.483442476615615,3.4002818285319183,1.0,0.0,45673.66064353028,39250.3469667986,6311.685048405267,0.0,111.6286283264,1380.350537995454,38777.90058849161,16867.430885382906,142.88336810512283,8112.0,9576.0,136.0,0.0,17798.818901978768,8508.680777139778,13563.665282072265
median__D__mig20,median,2020-03-16,D,migration_cost,mig20,0.5,1.2511,0.5,0.417,800.0,emergent,0.5,1.0,False,110400.26713966,gurobi,0.0004793427186945,9.2,1.4,1494665.637082209,1494665.6370906187,1425351.016655607,68044.79490000001,0.0,-4124.282142992595,1913.3435431041808,3480.764134903806,-3.492459654808044e-09,43035.36057927149,41242.82142992595,1792.5391493455388,4.165270431610924,16.0,0.0,4.0,0.0,12.0,49.11059589150316,44.870590202566376,1000.6283912893769,914.2382753772898,20778.128902717137,240,489,500.0,95.49397178311898,500.0,2,0.4681951322891154,22.28855497032757,21.621966965288863,-0.6665880050387122,5.630621729589581,-5.18374519566974,0.0,0.0,1.0410231385855897,1.1344544457292889,1740.382067451903,,,3181.266655479623,4135.64665212351,114.75757782351816,3.607292008227357,1628.1390033891976,51.178954162323485,3.3752007595847804,1.0,1.4210854715202004e-14,45888.17341047822,39539.99783067766,6216.341568828397,0.0,131.83401097216,1531.9858744412345,39057.8034522745,16600.902885958196,164.88336810512283,8112.0,9572.12890271714,160.0,0.0,17876.12675361496,8306.254833626957,13528.4539682428
median__D__reson,median,2020-03-16,D,reserve_from_flex,reson,0.5,1.2511,0.5,0.417,800.0,emergent,0.5,1.0,True,110400.26713966,gurobi,0.0004990172198489,27.3,1.3,1491090.171479478,1491090.172033135,1423296.3848092267,68044.7949,0.0,-4124.846735622754,763.0749246311207,3110.7641349038067,-3.958120942115784e-09,43035.36057927149,41248.46735622753,1786.893223043954,4.152151158934713,16.0,0.0,4.0,0.0,12.0,49.99538969163884,44.67771092437759,1014.489782492838,906.585217507162,21256.128902717137,242,487,500.0,93.392694863734,500.0,2,0.4399409558839234,19.691665320857307,19.0349309365018,-0.6567343843555074,5.593613643352743,-5.084005790589714,0.0,0.0,1.02227313858559,0.921954445729289,1555.3820674519034,,,3181.266655479623,4135.64665212351,91.53466464743131,2.877302488609875,1602.6224432022314,50.37686609645781,3.396174986071628,1.0,1.4210854715202004e-14,45709.89585785694,39295.97294786664,6302.294281663911,0.0,111.6286283264,1531.6799565205984,38821.15826986676,16790.75804758798,198.0,8112.0,9572.12890271714,136.0,0.0,17689.198362539973,8266.488604504182,13761.10043266278
median__D__soc50,median,2020-03-16,D,soc_initial,soc50,0.5,1.2511,0.5,0.417,800.0,emergent,0.5,1.0,False,110400.26713966,gurobi,0.0004212698342616,9.1,1.4,1495510.9115914165,1495510.9115958177,1426569.0717965036,68044.79490000001,0.0,-4122.9780467059,1602.390160829237,3417.632785194633,-3.958120942115784e-09,43035.36057927149,41229.78046705899,1805.5801122124933,4.195573332972545,16.0,0.0,4.0,0.0,12.0,50.408770193040986,43.98593449127674,1031.27942353263,899.8789098007032,20916.12890271714,243,491,500.0,118.523838478234,500.0,3,0.410705628003994,22.29262183940398,21.69588724590562,-0.5967345934983626,4.773876747986833,-4.7738767479868285,0.0,0.0,0.9609772228646444,1.1750432678820015,1708.8163925973167,,,3181.266655479623,4135.646652123511,167.03259517577038,5.250505954540543,1625.296840169023,51.08961354652571,3.4096411631363868,1.0,2.8421709430404014e-14,45637.2028467655,39144.96463366508,6367.2294190959465,0.0,125.00879400448,1407.3292602685256,38671.37471095516,16982.70685343946,186.88336810512283,8112.0,9572.12890271714,152.0,0.0,17708.368197429598,8393.907214569077,13720.175794791794
median__D__vpl100,median,2020-03-16,D,vpl_size,vpl100,0.5,1.2511,0.5,0.417,400.0,emergent,0.5,1.0,False,110400.26713966,gurobi,0.0004854712630928,7.1,1.2,1527235.0594058894,1527235.0594058856,1443933.1634331152,84657.513066,0.0,-4035.087378658759,1198.1622275400537,1481.3080578927008,-3.492459654808044e-09,43035.36057927149,40350.87378658759,2684.486792683896,6.237862902854151,13.0,0.0,3.0,0.0,10.0,55.31613212040467,42.6965988857555,1122.4565142765448,866.3851523901221,23434.12890271714,250,487,500.0,169.64965151620538,500.0,2,0.4635306704238363,21.57796337584629,21.250896740592548,-0.3270666352537392,5.305426183436119,-1.3767229548609876,0.0,0.0,0.9296806266365872,0.921954445729289,740.6540289463504,,,3181.266655479623,4135.646652123511,139.6505763341924,4.389779023825277,1617.9636802588188,50.85910285049295,3.4130916194364427,1.0,1.4210854715202004e-14,45535.38389081629,38625.62777271979,6805.222974995071,0.0,104.53314310144,1545.07246985313,38175.736207974594,18395.378546671185,0.0,8112.0,9572.12890271714,128.0,0.0,17110.773384618133,8188.676940807215,13506.350991309117
median__D__vpl100_f02,median,2020-03-16,D,vpl_x_fd,vpl100_f02,0.5,1.2511,0.5,0.417,400.0,emergent,0.2,1.0,False,114720.26713966,gurobi,0.0003326957171756,22.9,1.4,1588603.404844815,1588603.4048448629,1489111.158953618,101704.96335,0.0,-4044.87997916584,357.0354072466989,1475.1271131668625,-3.259629011154175e-09,43035.36057927149,40448.79979165839,2586.560787613092,6.0103151287616745,17.0,0.0,6.0,0.0,11.0,52.56703363148106,44.53799654960547,1088.5756547852536,922.3076785480798,22234.0,247,497,500.0,136.12739272844567,500.0,1,0.4962956081644758,20.761200371623666,20.10241201638277,-0.6587883552408925,5.630621729589567,-4.773876747986829,0.0,0.0,0.9219544457292888,0.921954445729289,737.5635565834311,,,1272.5066634316588,1654.2586624611567,42.82818751869427,3.3656552652696106,648.5185279533908,50.96386106179476,3.381380694366249,1.0,7.105427357601002e-15,46488.57318702404,39094.36719195808,7295.957532417636,0.0,98.24846264832,1546.823969009239,38643.01200842376,19447.88890862504,224.48336810512228,8112.0,9576.0,120.0,0.0,16966.348647771672,8336.472913092935,13599.154261784548
median__D__vpl100_f08,median,2020-03-16,D,vpl_x_fd,vpl100_f08,0.5,1.2511,0.5,0.417,400.0,emergent,0.8,1.0,False,106080.26713966,gurobi,0.0004486632333445,10.5,1.6,1473455.5315580915,1473455.5315580864,1388533.1240473655,84347.031066,0.0,-4040.46974857416,2895.723939113482,1720.1222541864315,-5.3551048040390015e-09,43035.36057927149,40404.69748574159,2630.6630935298936,6.112794358221283,7.0,0.0,3.0,0.0,4.0,55.39345512162404,44.96882558013034,1052.4756473108569,854.4076860224765,21190.0,222,456,500.0,175.65946630518656,500.0,3,0.5003083321780115,21.75359956253864,21.93058505039639,0.1769854878577518,7.021385161359522,1.2769880452630282,0.2362736339030486,0.7088209017091458,1.148380765478767,1.0017720522542728,860.0611270932159,,,5090.026646999982,6617.034641099979,291.0430240508244,5.717907669940444,2557.642917049264,50.24812431103315,3.4086777178137595,1.0,0.0,44107.34933447765,37575.915373439646,6493.335716624561,0.0,38.09824441344,1546.823969009239,37208.349074572856,17570.67901064285,0.0,8112.0,9574.756379323731,48.0,0.0,17472.49396346837,8149.212854871541,13236.166698392446
median__D__vpl400,median,2020-03-16,D,vpl_size,vpl400,0.5,1.2511,0.5,0.417,1600.0,emergent,0.5,1.0,False,110400.26713966,gurobi,0.0001830329697595,53.1,1.3,1426337.8333872396,1426337.8333872354,1414357.8293759702,6989.957628000001,0.0,-4181.3308592713465,3011.514493485439,6159.862749054935,-3.958120942115784e-09,43035.36057927149,41813.30859271346,1222.051986558029,2.8396462121120125,14.0,0.0,1.0,0.0,13.0,51.48368975811797,42.42394076397039,1068.2865624809476,880.2967708523856,21794.0,254,498,500.0,107.223500628045,500.0,3,0.4797311256114335,21.085639733518352,20.29385647930189,-0.7917832542164573,6.33426603373162,-2.111422011243859,0.0,0.0,1.0030026633503786,0.921954445729289,3079.931374527468,,,3181.2666554796224,4135.646652123511,237.9370563446413,7.479318212285125,1645.1603277076515,51.71400281312224,3.481043700276313,1.0,1.4210854715202004e-14,45431.03930918388,39112.01784310935,6176.140256334663,0.0,142.88120973985917,1545.07246985313,38632.28036381096,16757.958768541175,94.88336810512284,8112.0,9572.0,152.0,20.0,17929.68562322868,8645.024513305354,13693.525986326293
median__D__vpl400_f02,median,2020-03-16,D,vpl_x_fd,vpl400_f02,0.5,1.2511,0.5,0.417,1600.0,emergent,0.2,1.0,False,114720.26713966,gurobi,0.0004254100426408,7.6,1.3,1479639.2002677731,1479639.2002677708,1448678.0105840988,28408.910022,0.0,-4205.210034255225,856.9812432630399,5900.508452667448,-3.259629011154175e-09,43035.36057927149,42052.10034255224,983.260236719244,2.284772855354774,8.0,0.0,1.0,0.0,7.0,55.82770467043652,43.56693450482121,1128.184865215071,880.4151347849287,22990.0,240,485,500.0,127.5284086452071,500.0,4,0.4767301497361877,20.067937668851386,19.830563392070893,-0.2373742767804889,4.7738767479868365,-1.2392596750006215,4.617528327429149,18.470113309716595,0.921954445729289,0.9219544457292886,2950.254226333724,,,1272.5066634316588,1654.2586624611567,66.46961400269768,5.223517951838804,641.4767829939271,50.41048518080143,3.432292519560596,1.0,0.0,46039.51838856563,39175.4669283355,6818.643199719408,0.0,45.40826051072,1546.823969009239,38697.05367618891,18452.909558649382,0.0,8112.0,9572.0,56.0,0.0,17998.434831844894,8645.024513305354,13861.817028392756
median__D__vpl400_f08,median,2020-03-16,D,vpl_x_fd,vpl400_f08,0.5,1.2511,0.5,0.417,1600.0,emergent,0.8,1.0,False,106080.26713966,gurobi,0.0004257285788606,6.7,1.7,1367343.9276065854,1367343.9276065824,1360562.0669070266,310.482,0.0,-4174.273459724518,4574.633797871768,6071.018361411861,-3.2596290111541752e-09,43035.36057927149,41742.73459724518,1292.625982026306,3.003636926999318,6.0,0.0,0.0,0.0,6.0,55.30786173850689,41.49507327197529,1099.2437520528244,824.7145812805089,21930.0,241,477,500.0,108.94644452596644,500.0,3,0.5007798215825254,20.506755884664155,20.0162932334548,-0.4904626512093594,5.885551814512105,-1.9618506048373696,6.225759786481718,18.677279359445155,0.975238792211918,0.9219544457292888,3035.5091807059307,,,5090.026646999986,6617.034641099982,367.24818570162086,7.215054284992269,2618.7699199420667,51.44904146003922,3.4536971349659944,1.0,0.0,44397.32977602187,38583.605619104994,5749.734155396234,0.0,63.99000152064,1546.823969009239,38105.39320381542,15697.756746916788,0.0,8112.0,9572.0,80.0,0.0,17802.05409119135,8645.024513305354,13748.832023739238
median__D__vpl650,median,2020-03-16,D,vpl_size,vpl650,0.5,1.2511,0.5,0.417,2600.0,emergent,0.5,1.0,False,110400.26713966,gurobi,0.0003666727895987,7.2,1.4,1392482.1291161194,1392482.1291161142,1385975.952154215,0.0,0.0,-4226.378567809471,613.7193855585172,10118.836144154682,-4.423782229423523e-09,43035.36057927149,42263.7856780947,771.574901176786,1.792885875222397,0.0,0.0,0.0,0.0,0.0,48.819666798455565,49.55037725440787,923.505363604118,937.3279697292156,16562.0,182,454,500.0,96.93972876660877,500.0,5,0.4972843175463022,26.77358874922166,25.52040038602201,-1.253188363199644,6.359436175025625,-1.937794085005144,122.93148123178668,614.6574061589334,0.9219544457292888,1.0239755819927654,5059.418072077341,,,3181.266655479623,4135.646652123511,73.6187183321145,2.31413227197754,1721.9890038978667,54.12903696493972,3.424506596040561,1.0,1.4210854715202004e-14,45857.075214943485,40097.51129360505,5759.563921338435,0.0,0.0,1546.823969009239,39768.02913747797,15731.842136023202,0.0,8112.0,9600.0,0.0,0.0,18249.25143144763,8645.024513305354,13822.685764332478
median__D__vre30,median,2020-03-16,D,vre_share,vre30,0.3,0.7506,0.3,0.2502,800.0,emergent,0.5,1.0,False,110400.26713966,gurobi,0.0004596483065946,6.3,1.3,1782073.0918469022,1782073.0918607935,1781115.327264499,310.482,0.0,-2582.121634756289,851.8989259658134,2377.505305082173,2.7939677238464355e-09,25821.21634756289,25821.21634756289,0.0,0.0,6.0,0.0,0.0,0.0,6.0,45.98406463767033,57.22125855624602,1007.8174166422748,1254.099250024392,18764.0,163,526,500.0,-49.94328862313221,261.586558166175,0,0.2374930138933573,26.05886026876909,26.059332056142456,0.000471787373363,0.0113228969609906,0.0,0.0,0.0,0.8012986887370076,0.6846421269393507,1188.7526525410867,,,3181.2666554796224,4135.646652123511,102.18954928917476,3.212228346629063,1550.999303386674,48.75414328173752,3.3380173404037983,1.0,2.8421709430404014e-14,56683.75801001972,47915.814837583726,8723.064126783514,0.0,44.87904565248,928.0943814055432,47427.64806988297,23760.73393070244,0.0,8112.0,9600.0,56.0,0.0,11058.100396174312,5187.014707983213,8648.006861999824
median__D__vre70,median,2020-03-16,D,vre_share,vre70,0.7,1.7515,0.7,0.5838,800.0,emergent,0.5,1.0,False,110400.26713966,gurobi,0.0,7.1,1.3,1363904.453741616,1363904.4537416091,1247234.5579911706,112807.688088,0.0,-4840.44458024945,5306.062798791369,3396.589443904021,-7.450580596923828e-09,60249.50481098007,48404.44580249449,11845.059008485576,19.660010560496577,16.0,0.0,4.0,0.0,12.0,52.97161546088981,39.11941298549969,1008.66784440111,744.8988222655566,20728.0,247,457,500.0,187.34404839239664,500.0,5,0.5374679512108241,21.373422807723045,21.56145864979662,0.1880358420735711,1.5042867365886003,0.9025720419531604,0.0,0.0,1.2009139567107243,0.921954445729289,1698.2947219520106,,,3181.266655479623,4135.64665212351,354.38909450471493,11.139873920794784,1683.0445252936809,52.90485544161142,3.4412419113261694,1.0,2.8421709430404014e-14,41065.44365208586,36116.63455251651,4823.800305564872,0.0,125.00879400448,2016.46253845516,35683.77237945571,12999.79935491765,0.0,8112.0,9568.0,152.0,0.0,20798.44665167066,9700.23882475854,15889.297787610136
median__D__w05,median,2020-03-16,D,window_scale,w05,0.5,1.2511,0.5,0.417,800.0,emergent,0.5,0.5,False,110400.26713966,gurobi,0.0004989389329036,236.2,1.5,1479508.354697449,1479508.3546974454,1391614.648775564,84347.031066,0.0,-4059.954788771985,4645.009624603692,2961.620020052984,-3.259629011154175e-09,43035.36057927149,40599.547887719855,2435.812691551636,5.660026217428453,7.0,0.0,3.0,0.0,4.0,55.335198148361904,45.519867930933245,1046.7574983065126,861.0841683601539,21632.0,221,454,500.0,161.8739669770221,500.0,5,0.516877475463043,19.458545379248715,19.2038576761821,-0.2546877030666086,4.455774454429992,-1.264355544133388,0.0,0.0,0.929058066803826,0.9219544457292888,1480.810010026492,,,1962.366691280667,2551.076698664868,256.5132386791265,13.071626206197095,942.5884367435388,48.03324684075191,1.8453573146263007,1.0,7.450580312706734e-07,44149.54015567807,37557.56420433533,6566.535899292819,0.0,25.44005204992,1545.07246985313,37192.49133168544,17781.52870895825,0.0,8112.0,9572.0,32.0,0.0,17495.21933463061,7907.448919349167,13651.807163886946
median__D__w20,median,2020-03-16,D,window_scale,w20,0.5,1.2511,0.5,0.417,800.0,emergent,0.5,2.0,False,110400.26713966,gurobi,0.0004501566074756,12.9,1.7,1484822.2372851083,1484822.2372851046,1413520.6388394805,68044.79490000001,0.0,-4146.5837012493,4177.295990606198,3226.091256271144,-4.190951585769653e-09,43035.36057927149,41465.837012493,1569.5235667784862,3.647055690139765,16.0,0.0,4.0,0.0,12.0,50.02678618901134,44.36089348244657,1015.1268697520218,900.1564635813116,20730.0,238,487,500.0,97.69803895007146,500.0,3,0.4629442696014491,22.16976294196741,21.76965409696258,-0.4001088450048271,4.598836249250354,-3.200870760038661,0.0,0.0,0.921954445729289,1.094352589440176,1613.045628135572,,,3114.74606764386,4049.169887937018,190.13060242968595,6.104208763750352,2057.743931851196,66.06458077681336,6.096517977831851,1.0,1.4210854715202004e-14,45812.46899110085,39638.14269412834,6062.697668646116,0.0,111.6286283264,1414.9771637347435,39162.27169651548,16184.600061330875,164.88336810512283,8112.0,9576.0,136.0,0.0,17796.33681662433,8602.132654680538,13652.39037745339
solar_ramp__A__base,solar_ramp,2020-01-14,A,base,base,0.5,1.2511,0.5,0.8518,800.0,emergent,0.5,1.0,False,121001.7219911235,gurobi,0.0004257504907042,7.9,1.0,1399811.6424208654,1399811.6424208614,1208997.8252798575,197051.225154,0.0,-6237.40801299237,0.0,0.0,-3.492459654808044e-09,93416.61376822488,62374.08012992369,31042.5336383012,33.23020647624902,21.0,0.0,7.0,0.0,14.0,59.55751119956135,32.0649025935421,1151.4452165248526,619.921450141814,24626.23181731134,297,464,500.0,329.3225872046329,500.0,9,0.786916875300572,9.643121940111326,15.676240565714991,6.033118625603668,23.164446913102143,17.065837678212354,0.0,0.0,0.0,0.0,0.0,,,0.0,0.0,0.0,,0.0,,,,0.0,37299.82726111873,31454.94312964432,5715.5507550545735,0.0,129.33337641984,1467.998589464421,31161.81919911176,15258.06378698044,0.0,2581.6,9548.231817311342,160.0,0.0,8696.202637026821,2172.3068319661024,50037.57207146635
solar_ramp__A__f02,solar_ramp,2020-01-14,A,dc_flex,f02,0.5,1.2511,0.5,0.8518,800.0,emergent,0.2,1.0,False,122840.33400146116,gurobi,0.0004787414237495,24.7,3.0,1430168.8628013125,1430168.8628013122,1239591.3413233086,196895.984154,0.0,-6318.462675996199,0.0,0.0,-2.3283064365386963e-10,93416.61376822488,63184.626759962,30231.987008262888,32.36253787069525,18.0,0.0,7.0,0.0,11.0,60.88599889451845,31.415903853895923,1199.9615615461344,619.1551051205322,24918.0,308,473,500.0,304.2446943307699,500.0,8,0.750023920976449,11.361611526968064,15.993781713715142,4.632170186747076,23.16444691310213,15.904501643561035,0.0,0.0,0.0,0.0,0.0,,,0.0,0.0,0.0,,0.0,,,,0.0,37468.82927640505,31124.313945778697,6193.036794444593,0.0,151.47853618176,1650.162419219659,30828.61456709199,16581.10795580078,0.0,2581.6,9560.0,184.0,0.0,9849.895762455102,4962.128376349829,46722.4402019374
solar_ramp__A__f08,solar_ramp,2020-01-14,A,dc_flex,f08,0.5,1.2511,0.5,0.8518,800.0,emergent,0.8,1.0,False,119163.10998009998,gurobi,0.0004485892131369,21.4,2.8,1370133.271074036,1370133.271074034,1179533.3160840117,196740.74315400005,0.0,-6140.788163974292,0.0,0.0,-3.2596290111541752e-09,93416.61376822488,61407.88163974292,32008.732128481966,34.264496257484296,15.0,0.0,7.0,0.0,8.0,61.72002573872617,31.453925696152425,1164.9654858184565,593.692847514877,25942.0,296,453,500.0,314.42118908693334,500.0,8,0.7569386496809869,9.917710822118345,15.194085683586485,5.276374861468141,25.228024899334567,17.06818282698946,0.0,0.0,0.0,0.0,0.0,,,0.0,0.0,0.0,,0.0,,,,0.0,36755.75388549505,31163.4648003898,5528.463102451808,0.0,63.82598265344001,1650.162419219659,30875.60872233985,14753.0196180172,0.0,2581.6,9540.0,80.0,0.0,9989.412265304383,4405.938840480819,45362.36811473805
solar_ramp__A__hist,solar_ramp,2020-01-14,A,history,hist,0.5,1.2511,0.5,0.8518,800.0,emergent,0.5,1.0,False,121001.7219911235,gurobi,0.0007424502151114,1824.9,13.1,1399367.4326600477,1399367.4335171308,1180503.492588055,225253.147176,0.0,-6389.206246922681,0.0,0.0,-1.629814505577087e-09,93416.61376822488,63892.0624692268,29524.55129899808,31.60524676290577,25.0,0.0,8.0,0.0,17.0,55.72111405228444,38.57421764304725,944.9372258033236,654.154440863343,21746.0,241,407,500.0,347.8188534463959,500.0,9,0.7521610927122271,11.84737808263796,16.270068071270245,4.422689988632288,24.079341858324195,13.098576978918905,0.0,0.0,0.0,0.0,0.0,,,0.0,0.0,0.0,,0.0,,,,0.0,34013.43022145175,27334.02426170395,6515.946498489559,0.0,163.45946125824,1650.162419219659,27411.64279373979,17450.06378698044,0.0,2581.6,9544.0,200.0,0.0,10790.928521302829,4275.684545778076,47175.28698292625
solar_ramp__A__native,solar_ramp,2020-01-14,A,baseline,native,0.5,1.2511,0.5,0.8518,800.0,emergent,0.5,1.0,False,121001.72198929332,gurobi,0.000488462184471,20.7,1.1,1397307.6325579667,1397307.6325579633,1206715.159102359,196844.237154,0.0,-6251.763698392772,0.0,0.0,-3.259629011154175e-09,93416.61376822488,62517.63698392771,30898.97678429717,33.076532682891234,17.0,0.0,7.0,0.0,10.0,63.11326437808782,29.970176482127243,1222.8194973254515,580.6721693412152,25234.0,304,465,500.0,323.8481010632747,500.0,11,0.7964274823935079,16.38736548802872,19.965969841731063,3.578604353702345,64.49077296824332,14.571794854343665,0.0,0.0,0.0,0.0,0.0,,,0.0,0.0,0.0,,0.0,,,,0.0,36553.45525770163,30405.30239875733,6034.658979225376,0.0,113.49387971892138,1086.897268798658,30122.19430938084,16158.611351972731,0.0,2581.6,9560.0,139.32640283559675,0.0,9077.723505589449,3188.080971571773,49164.93523796783
solar_ramp__A__prevday,solar_ramp_prev,2020-01-13,A,history,prevday,0.5,1.2511,0.5,0.7179,800.0,emergent,0.5,1.0,False,118296.84937562353,gurobi,0.0003489368350268,27.3,4.6,977898.7142472272,977898.714247226,978338.6250117414,6286.198428000001,0.0,-6726.109192514658,0.0,0.0,-5.820766091346741e-10,76792.40946915495,67261.09192514658,9531.31754400836,12.41179643912174,13.0,0.0,1.0,0.0,12.0,61.17527086286201,26.670351256953666,1106.2528147700878,482.2888518965788,20936.0,275,434,500.0,348.9966297883123,480.667056443134,0,0.6979932595766246,20.252542394184577,17.95128066365551,-2.3012617305290672,5.681436310695432,0.0,0.0,0.0,0.0,0.0,0.0,,,0.0,0.0,0.0,,0.0,,,,0.0,34589.189491549696,32059.93303286797,2449.6228311156383,0.0,79.63362756608001,1913.262613883718,31776.54907694975,6465.574743267111,136.80862530103497,3051.6000000000004,9572.0,96.0,0.0,13000.206118162732,6778.8021624714165,45568.82103062872
solar_ramp__A__vre30,solar_ramp,2020-01-14,A,vre_share,vre30,0.3,0.7506,0.3,0.5111,800.0,emergent,0.5,1.0,False,121001.7219911235,gurobi,0.0004999884317319,1744.5,72.5,1640777.058278478,1640777.0582784738,1504971.5085180178,140854.36911,0.0,-5048.819349539706,0.0,0.0,-4.423782229423523e-09,56049.96826093493,50488.193495397056,5561.774765537874,9.922886556591072,17.0,0.0,5.0,0.0,12.0,57.1580008436553,38.4669991563447,1257.4760185604166,846.2739814395833,25122.0,304,528,500.0,230.94085890923952,461.7496994105159,0,0.5694826002755181,19.2480962362161,17.705756670101923,-1.542339566114179,5.732150131672562,0.0,0.0,0.0,0.0,0.0,0.0,,,0.0,0.0,0.0,,0.0,,,,0.0,45796.72381874345,37902.48400086645,7709.835873024512,0.0,184.40394485248,990.0974515317952,37457.529222572,20741.046331978,0.0,2581.6,9572.0,224.0,0.0,7808.583371593877,3967.8211668323847,37721.691505439
solar_ramp__A__vre70,solar_ramp,2020-01-14,A,vre_share,vre70,0.7,1.7515,0.7,1.1926,800.0,emergent,0.5,1.0,False,121001.7219911235,gurobi,0.000977302390534,1810.6,59.4,1294338.4885539324,1294338.489300064,1126246.698910608,174669.77856,0.0,-6577.98817054491,0.0,0.0,9.313225746154783e-10,130783.2592755148,65779.8817054491,65003.37757006572,49.70313320692385,21.0,0.0,7.0,0.0,14.0,60.71197305773156,28.705570801917563,1153.5274880968998,545.4058452364336,26486.0,317,456,500.0,318.57491575586465,500.0,10,0.7462999734558038,7.5189823832435,14.276555540612224,6.757573157368725,27.25840473150564,16.58458033041476,0.0,0.0,0.0,0.0,0.0,,,0.0,0.0,0.0,,0.0,,,,0.0,35205.2290998949,30097.20652120612,4963.9977565498975,0.0,144.02482213888,2173.426604620476,29821.55644096833,13142.18384470608,66.0,2581.6,9532.0,176.0,0.0,11480.659750539517,5348.272768330606,46777.522581958496
solar_ramp__A__w05,solar_ramp,2020-01-14,A,window_scale,w05,0.5,1.2511,0.5,0.8518,800.0,emergent,0.5,0.5,False,119417.15203766488,gurobi,0.000583679657578,1811.7,26.2,1375211.9635372122,1375211.9645814924,1179117.940798989,202250.736582,0.0,-6156.712799495108,0.0,0.0,-1.629814505577087e-09,93416.61376822488,61567.12799495106,31849.485773273816,34.09402727045458,13.0,0.0,8.0,0.0,5.0,61.9276628764661,31.74595131422126,1163.7239982202589,596.5593351130747,25916.0,292,451,500.0,306.5906412791678,500.0,7,0.7349621955982111,10.120816926682904,15.397191788151048,5.276374861468143,25.22802489933456,19.50649465941652,0.0,0.0,0.0,0.0,0.0,,,0.0,0.0,0.0,,0.0,,,,0.0,36789.45631142433,31175.754221860643,5581.932941332003,0.0,31.76914823168,1650.162419219659,30887.47899603724,14789.892451461452,86.05259521510601,2581.6,9540.0,40.0,0.0,9466.73305458268,4565.416846746521,45884.81567440221
solar_ramp__A__w20,solar_ramp,2020-01-14,A,window_scale,w20,0.5,1.2511,0.5,0.8518,800.0,emergent,0.5,2.0,False,120915.245226937,gurobi,0.000499706795897,205.1,1.4,1399505.1765918364,1399505.176591833,1208684.267219978,197051.225154,0.0,-6230.31578214154,0.0,0.0,-3.2596290111541752e-09,93416.61376822488,62303.157821415385,31113.455946809496,33.30612692085459,21.0,0.0,7.0,0.0,14.0,59.57855270836904,32.04386108473442,1151.852019028468,619.5146476381988,25132.0,298,464,500.0,331.14904843898256,500.0,11,0.798387941066973,8.865875105762319,15.260463815532612,6.394588709770294,26.68481151611053,14.531784973857569,0.0,0.0,0.0,0.0,0.0,,,0.0,0.0,0.0,,0.0,,,,0.0,37303.15456146377,31465.271995445943,5708.549189597984,0.0,129.33337641984,1256.47213462111,31174.303748875183,15240.047794441583,0.0,2581.6,9544.0,160.0,0.0,8681.882440624553,1761.2517758409044,50603.55147032881
solar_ramp__B__base,solar_ramp,2020-01-14,B,base,base,0.5,1.2511,0.5,0.8518,800.0,emergent,0.5,1.0,False,121001.7219911235,gurobi,0.0004997810965867,9.6,1.0,1313140.0989605342,1313140.0989605314,1147558.7265279775,168538.821132,0.0,-6449.779887568152,0.0,3492.331188124588,-2.7939677238464355e-09,93416.61376822488,64497.79887568152,28918.81489254337,30.95682205340218,11.0,0.0,6.0,0.0,5.0,59.54599798217281,32.6054626919845,1104.082045919454,604.5596207472125,23764.0,282,445,500.0,352.8696173978663,500.0,13,0.777534324347679,8.756778236322871,16.05379225709493,7.2970140207720595,24.405242102813368,13.798782448114856,13.076923076923078,170.00000000000003,1.0482525468485786,1.1344544457292889,1746.165594062294,,,0.0,0.0,0.0,,0.0,,,,0.0,36670.24812836985,31666.242004186806,4946.571071372807,0.0,57.43505281024,1505.6907928557785,31389.676725642785,13304.93667381358,0.0,2581.6,9544.81749847674,72.0,0.0,9398.782736425164,4709.070541904937,48884.25480449563
solar_ramp__B__dedicated,solar_ramp,2020-01-14,B,vpl_mode,dedicated,0.5,1.2511,0.5,0.8518,800.0,dedicated,0.5,1.0,False,121001.7219911235,gurobi,0.0003475752887741,30.8,2.2,1346627.6402148444,1346627.640214841,1181119.732714875,168642.315132,0.0,-6309.534745197584,0.0,3175.1271131668623,-3.026798367500305e-09,93416.61376822488,63095.34745197583,30321.266316249057,32.45810899491485,13.0,0.0,6.0,0.0,7.0,60.59562844084573,30.911605601707468,1186.6643902998956,605.3522763667712,24168.05405594938,299,470,500.0,357.99268207885416,500.0,12,0.7195119546317845,15.063904368228837,17.339480527290075,2.27557615906124,23.475996147793648,3.722320637973029,19.898493002210174,238.78191602652208,0.921954445729289,1.0625,1587.5635565834311,21.0,0.0,0.0,0.0,0.0,,0.0,,,,0.0,38168.8522526747,33196.952040926815,4887.942001766445,0.0,83.95820998144,1396.868049016548,32879.05610641216,13128.50023039701,0.0,2581.6,9552.898295993344,104.0,0.0,10246.672761075366,4217.655167622095,47234.15147426182
solar_ramp__B__explicit,solar_ramp,2020-01-14,B,vpl_mode,explicit,0.5,1.2511,0.5,0.8518,800.0,explicit,0.5,1.0,False,121001.7219911235,gurobi,0.0002304580794494,14.6,1.2,1345949.1238134685,1345949.123813466,1180311.8610099002,168642.315132,0.0,-6319.920435480815,0.0,3314.8681070491366,-2.561137080192566e-09,93416.61376822488,63199.20435480814,30217.40941341673,32.346932943200954,13.0,0.0,6.0,0.0,7.0,60.79036634539217,30.716867697161025,1190.4780075972633,601.5386590694034,24564.0,300,470,500.0,356.1226916803608,500.0,13,0.7339465830222163,14.732319327527213,17.48038758477711,2.748068257249898,23.475996147793648,3.8655393064766943,22.658099981745217,294.5552997626878,0.7967925669057102,1.275,1657.4340535245683,9.0,14.0,0.0,0.0,0.0,,0.0,,,,0.0,38140.71043737526,33171.89015118388,4884.895170282264,0.0,83.92511590912,1566.4480223290234,32853.13375067651,13066.06378698044,0.0,2581.6,9549.730280008736,104.0,0.0,9611.610331829195,4218.284692319696,47802.86130833023
solar_ramp__B__f02,solar_ramp,2020-01-14,B,dc_flex,f02,0.5,1.2511,0.5,0.8518,800.0,emergent,0.2,1.0,False,122840.33400146116,gurobi,0.0003979027965509,16.6,3.5,1340494.4230354016,1340494.4230353974,1174673.8001678751,168745.809132,0.0,-6555.440490807895,0.0,3630.254226333725,-3.492459654808044e-09,93416.61376822488,65554.40490807894,27862.20886014594,29.82575340321649,15.0,0.0,6.0,0.0,9.0,57.32641140151,33.41455776148558,1084.424615678564,632.0920509881023,22304.0,283,454,500.0,362.1225828215799,500.0,12,0.7589377517308148,14.180892454942828,16.272206127257434,2.0913136723146084,22.588386016246368,4.5590009128600295,18.19305475129204,218.3166570155045,1.1344544457292889,1.1344544457292889,1815.1271131668625,,,0.0,0.0,0.0,,0.0,,,,0.0,37224.72695815946,32004.37958007865,5108.955923939363,0.0,111.39145414144,1523.8435951665838,31717.34914292932,13684.860080785134,0.0,2581.6,9560.0,136.0,0.0,9383.640190151073,5780.174514133843,48866.74660862744
solar_ramp__B__f08,solar_ramp,2020-01-14,B,dc_flex,f08,0.5,1.2511,0.5,0.8518,800.0,emergent,0.8,1.0,False,119163.10998009998,gurobi,0.0003969636084942,17.0,3.0,1286769.9796443805,1286769.9796443777,1121377.2754325112,168331.833132,0.0,-6356.232287182747,0.0,3417.1033670520565,-2.7939677238464355e-09,93416.61376822488,63562.32287182747,29854.29089639741,31.95822423029444,7.0,0.0,6.0,0.0,1.0,61.708440921315415,31.700733390611195,1121.03667673723,575.8966565961033,25272.0,284,436,500.0,332.5779603318922,500.0,14,0.8201108594514068,8.729385690140605,15.098046939580689,6.368661249440083,24.614697167788247,11.232324341831884,12.142857142857142,170.0,1.0012351586782464,1.1344544457292889,1708.5516835260282,,,0.0,0.0,0.0,,0.0,,,,0.0,36113.52297970228,31311.335230507422,4795.858653013086,0.0,6.32909618176,1426.8949001831525,31029.627253456136,12815.89250485034,0.0,2581.6,9536.0,8.0,0.0,8748.63581710004,3785.9263756210657,49600.86577892322
solar_ramp__B__hist,solar_ramp,2020-01-14,B,history,hist,0.5,1.2511,0.5,0.8518,800.0,emergent,0.5,1.0,False,121001.7219911235,gurobi,0.0004547537879421,25.5,4.5,1289220.754121478,1289220.754198802,1095437.6676571432,196999.478154,0.0,-6699.608276969937,0.0,3483.2166646308256,-2.3283064365386963e-09,93416.61376822488,66996.08276969937,26420.53099852552,28.28247560340526,20.0,0.0,7.0,0.0,13.0,50.62961216894047,41.213616997726206,810.0737947030474,659.4178719636193,17528.0,215,384,500.0,349.99005824572754,500.0,12,0.8000687210716693,15.804063346646762,18.420241563807625,2.6161782171608645,23.947699603928804,5.739307526068868,27.534359704584457,330.41231645501347,1.00709108231747,1.1699193330767956,1741.6083323154128,,,0.0,0.0,0.0,,0.0,,,,0.0,33242.768452976205,27856.64956666804,5263.643820928317,0.0,122.47506537984,1623.7718236047049,27937.36267838316,14144.666248743702,0.0,2581.6,9560.0,152.0,0.0,10056.259250953182,5161.594690141299,50154.45700500018
solar_ramp__B__native,solar_ramp,2020-01-14,B,baseline,native,0.5,1.2511,0.5,0.8518,800.0,emergent,0.5,1.0,False,121001.72198929332,gurobi,0.0004168771208187,28.3,1.3,1307806.2075440711,1307806.2080775409,1142085.1782515626,168694.062132,0.0,-6489.724675100269,0.0,3516.6923690836493,-5.122274160385132e-09,93416.61376822488,64897.24675100271,28519.367017222183,30.529223728855484,14.0,0.0,6.0,0.0,8.0,60.187484672545146,31.427247470312004,1123.4997138875092,586.6419527791574,22942.0,285,448,500.0,370.6029272562105,500.0,14,0.7904879919858789,7.664839813306941,16.16625508064877,8.501415267341828,28.878839423238865,14.712268037895202,22.55056555695817,315.7079177974143,1.0532978334305128,1.144634897246768,1758.3461845418246,,,0.0,0.0,0.0,,0.0,,,,0.0,36321.51197472494,31303.142010633142,4940.663340491152,0.0,77.70662360064,1487.657727937216,31016.0326684749,13233.374198224876,0.0,2581.6,9560.0,96.0,0.0,9336.66459265094,4167.0091744874935,49905.91525592705
solar_ramp__B__reson,solar_ramp,2020-01-14,B,reserve_from_flex,reson,0.5,1.2511,0.5,0.8518,800.0,emergent,0.5,1.0,True,121001.7219911235,gurobi,0.0004935827317102,11.2,1.2,1313140.0989605344,1313140.0989605335,1147558.7265279775,168538.82113199998,0.0,-6449.779887568156,0.0,3492.331188124588,-6.984919309616089e-10,93416.61376822488,64497.79887568155,28918.81489254333,30.956822053402146,11.0,0.0,6.0,0.0,5.0,59.54599798217281,32.6054626919845,1104.082045919454,604.5596207472125,23764.0,282,445,500.0,358.1530466901591,500.0,13,0.7826175859178166,8.756778236322878,16.053792257094937,7.29701402077206,24.405242102813386,13.798782448114856,13.076923076923078,170.00000000000003,1.0482525468485784,1.1344544457292889,1746.1655940622938,,,0.0,0.0,0.0,,0.0,,,,0.0,36670.24812836986,31666.24200418681,4946.571071372804,0.0,57.43505281024,1225.1784831793177,31389.676725642792,13304.936673813574,0.0,2581.6,9544.81749847674,72.0,0.0,9042.875929453498,4890.583010803405,49339.16145224533
solar_ramp__B__soc50,solar_ramp,2020-01-14,B,soc_initial,soc50,0.5,1.2511,0.5,0.8518,800.0,emergent,0.5,1.0,False,121001.7219911235,gurobi,0.0004973796405186,9.9,1.2,1324408.0437774211,1324408.0437774202,1158758.3768989188,168538.82113199998,0.0,-6409.173232846955,0.0,3520.0189793491672,-9.313225746154783e-10,93416.61376822488,64091.732328469545,29324.881439755336,31.39150549014016,11.0,0.0,6.0,0.0,5.0,58.921547418601385,33.02577400997005,1099.868885147226,616.4811148527741,23782.0,287,448,500.0,353.1739432954432,500.0,15,0.774052507547273,8.904793756091765,16.019694950192772,7.114901194101004,22.632344226611767,11.657936697213255,35.918785219447706,538.7817782917156,0.7765346392285852,1.4234772228646444,1760.0094896745836,,,0.0,0.0,0.0,,0.0,,,,0.0,36885.62024029738,31754.187230195013,5073.997957292126,0.0,57.43505281024,1282.718203122166,31459.41661901785,13644.130137448725,0.0,2581.6,9544.0,72.0,0.0,9799.188653360332,5548.399693345593,47461.42577864146
solar_ramp__B__vpl100,solar_ramp,2020-01-14,B,vpl_size,vpl100,0.5,1.2511,0.5,0.8518,400.0,emergent,0.5,1.0,False,121001.7219911235,gurobi,0.0004959081231933,43.4,4.1,1355053.6443059407,1355053.6443059377,1163241.5846606842,196378.514154,0.0,-6371.907420514903,0.0,1805.45291177081,-2.561137080192566e-09,93416.61376822488,63719.07420514902,29697.53956307585,31.79042609782256,8.0,0.0,7.0,0.0,1.0,62.6216254026948,34.62140060203333,1103.706147722496,610.2021856108375,23584.0,259,423,500.0,333.9408627998844,500.0,11,0.7865535481646384,8.676332194724955,16.358924200861,7.682592006136048,30.293529537899765,17.15145625089354,9.324532554369744,102.5698580980672,1.1223616939842236,1.1344544457292889,902.726455885405,,,0.0,0.0,0.0,,0.0,,,,0.0,36299.24384969596,30750.882795221336,5542.031958292858,0.0,6.32909618176,1149.734088902855,30587.089349604303,14798.07008849507,0.0,2581.6,9549.693016560726,8.0,0.0,9567.696825606849,3531.8157608198394,49469.82752981948
solar_ramp__B__vpl100_f02,solar_ramp,2020-01-14,B,vpl_x_fd,vpl100_f02,0.5,1.2511,0.5,0.8518,400.0,emergent,0.2,1.0,False,122840.33400146116,gurobi,0.0002119200593941,13.6,2.8,1382263.8013330342,1382263.8013330312,1190522.080693484,196378.514154,0.0,-6451.920627616777,0.0,1815.1271131668625,-3.026798367500305e-09,93416.61376822488,64519.20627616776,28897.40749205713,30.93390600065448,8.0,0.0,7.0,0.0,1.0,60.933672115012506,33.88569725435687,1127.272934127731,626.885399205602,23196.0,272,444,500.0,348.3215274003901,500.0,10,0.7931521251151262,14.349770675360142,16.214011142948163,1.8642404675880204,22.588386016246364,5.459918174134538,1.8316657015507305,18.316657015507303,1.1344544457292889,1.1344544457292889,907.5635565834313,,,0.0,0.0,0.0,,0.0,,,,0.0,37378.37004522461,31765.610399295965,5606.43054974689,0.0,6.32909618176,1420.143081864574,31479.069074548563,14926.18050638589,0.0,2581.6,9560.0,8.0,0.0,8799.748692314013,5119.361215814994,49179.953286174175
solar_ramp__B__vpl100_f08,solar_ramp,2020-01-14,B,vpl_x_fd,vpl100_f08,0.5,1.2511,0.5,0.8518,400.0,emergent,0.8,1.0,False,119163.10998009998,gurobi,0.0004934696365829,18.1,2.5,1326108.362031004,1326108.362031001,1156239.5614430185,174359.29656,0.0,-6245.592668028061,0.0,1755.0966960138012,-3.492459654808044e-09,93416.61376822488,62455.9266802806,30960.687087944283,33.14259192134771,15.0,0.0,7.0,0.0,8.0,58.88642209106536,31.68808340344013,1116.388418809781,600.753247856886,24920.0,295,455,500.0,355.2127349322764,500.0,12,0.7591711422248587,9.132203759136292,15.656120409170848,6.523916650034557,24.988028751077223,13.32508863888601,7.083333333333335,85.00000000000001,1.059416424287963,1.1344544457292889,877.5483480069006,,,0.0,0.0,0.0,,0.0,,,,0.0,36534.03456547259,31352.37797450981,5083.981758901331,0.0,97.67483206144,1245.9659063572813,31066.62188713149,13524.492938730727,108.96312270304192,2581.6,9536.0,120.0,0.0,8167.6292674972465,4110.725801698529,48931.60570472754
solar_ramp__B__vpl400,solar_ramp,2020-01-14,B,vpl_size,vpl400,0.5,1.2511,0.5,0.8518,1600.0,emergent,0.5,1.0,False,121001.7219911235,gurobi,0.0004739575076652,42.3,2.9,1234773.2210089704,1234773.22100897,1094210.485199883,140388.64611,0.0,-6654.900039124428,0.0,6828.9897382128975,-1.862645149230957e-09,93416.61376822488,66549.00039124426,26867.61337698061,28.761065396398983,8.0,0.0,5.0,0.0,3.0,59.05677361966297,32.16111628859391,1072.8647207572103,584.2602792427894,23396.0,279,436,500.0,316.5784992874043,500.0,9,0.7574520597835948,8.708331024474703,15.779614431946564,7.071283407471864,22.58838601624636,19.381144628452333,37.777777777777786,340.00000000000006,0.9996048474622417,1.1344544457292889,3414.4948691064487,,,0.0,0.0,0.0,,0.0,,,,0.0,36124.569919588845,31902.414924624994,4190.4476803936,0.0,31.70731457024,1650.162419219659,31612.864333868303,11357.382367958644,0.0,2581.6,9544.0,40.0,0.0,10946.58363322114,5518.024639726097,48434.229699077376
solar_ramp__B__vpl400_f02,solar_ramp,2020-01-14,B,vpl_x_fd,vpl400_f02,0.5,1.2511,0.5,0.8518,1600.0,emergent,0.2,1.0,False,122840.33400146116,gurobi,0.0004794137840924,30.6,2.9,1269458.230624115,1269458.2306241093,1128799.7052671125,140647.38111000002,0.0,-6714.479628694912,0.0,6725.623875695006,-3.259629011154175e-09,93416.61376822488,67144.79628694913,26271.81748127576,28.12328173921881,13.0,0.0,5.0,0.0,8.0,55.72056594117549,33.971568890285184,1033.1521601592956,629.8895065073712,20774.0,271,445,500.0,317.5588474311523,500.0,8,0.7509426372117629,22.838184272919893,21.78179436768851,-1.056389905231384,4.749387465763977,-1.1190815595628356,38.26412283829649,306.1129827063719,0.988482401233918,1.1132750599207712,3362.811937847503,,,0.0,0.0,0.0,,0.0,,,,0.0,36993.51538239558,32545.73540661899,4362.140935279949,0.0,85.63904049664,1650.162419219659,32254.282434588706,11822.344658287704,0.0,2581.6,9562.721063300494,104.0,0.0,11237.118972644465,6306.175408873958,47951.33948621104
solar_ramp__B__vpl400_f08,solar_ramp,2020-01-14,B,vpl_x_fd,vpl400_f08,0.5,1.2511,0.5,0.8518,1600.0,emergent,0.8,1.0,False,119163.10998009998,gurobi,0.0004814733489311,31.7,3.0,1208639.1927305898,1208639.192730587,1067952.603179897,140543.88710999998,0.0,-6612.431976373324,0.0,6755.134417065265,-1.862645149230957e-09,93416.61376822488,66124.31976373323,27292.294004491647,29.215674710931307,11.0,0.0,5.0,0.0,6.0,56.62519915953322,33.07076283571619,993.3003685901452,580.1162980765214,23022.0,269,421,500.0,350.5292645885767,500.0,15,0.8155539608437721,8.662437226709542,15.92923864646123,7.2668014197516895,23.55550926474812,11.94151559671913,22.666666666666668,340.0,0.976525059603606,1.1344544457292889,3377.5672085326323,,,0.0,0.0,0.0,,0.0,,,,0.0,34432.639774376825,30049.04501199936,4305.954326921458,0.0,77.640435456,1399.948254061257,29812.56618088048,11670.22497295604,0.0,2581.6,9536.0,96.0,0.0,10072.626993669788,5307.061837155539,49344.68267884666
solar_ramp__B__vpl650,solar_ramp,2020-01-14,B,vpl_size,vpl650,0.5,1.2511,0.5,0.8518,2600.0,emergent,0.5,1.0,False,121001.7219911235,gurobi,0.0002665215321564,49.0,2.8,1170916.5070401542,1170916.507040152,1111147.42668003,56352.097044,0.0,-6593.996287992479,0.0,10010.979604116908,-2.561137080192566e-09,93416.61376822488,65939.96287992479,27476.65088830009,29.41302385084538,7.0,0.0,2.0,0.0,5.0,61.13268079284938,29.39592135768826,1184.4456903614566,569.5459763052099,23038.0,301,465,500.0,285.88545589950564,500.0,7,0.7330825397873796,24.25396402460251,21.545869197143265,-2.708094827459244,6.292025225434191,-1.597287367353334,0.0,0.0,0.9326942163058956,0.9924941691012016,5005.489802058453,,,0.0,0.0,0.0,,0.0,,,,0.0,38007.86215031492,34336.14124231785,3601.339976633226,0.0,70.38093136384,1650.162419219659,33906.83612839511,9834.267302929931,0.0,2581.6,9568.0,88.0,0.0,10902.230143709408,6325.952117296386,47061.61819969934
solar_ramp__B__vpldown,solar_ramp,2020-01-14,B,vpl_decomp,vpldown,0.5,1.2511,0.5,0.8518,800.0,emergent,0.5,1.0,False,121001.7219911235,gurobi,0.0004252768655239,9.5,1.1,1355438.675102724,1355438.675102719,1163615.9283624105,196378.514154,0.0,-6370.894526854751,0.0,1815.1271131668625,-3.026798367500305e-09,93416.61376822488,63708.9452685475,29707.668499677377,31.801268855007752,8.0,0.0,7.0,0.0,1.0,62.59594425864344,34.647081746084694,1103.2535175585906,610.6548157747428,23980.0,260,423,500.0,330.5013285243131,500.0,12,0.8160859704495261,9.88768109190656,16.15479001898367,6.267108927077108,27.3102444937922,13.360256682544266,1.07112016233179,12.85344194798148,0.0,1.1344544457292889,907.5635565834313,,,0.0,0.0,0.0,,0.0,,,,0.0,36296.497333075706,30739.07680705608,5551.091429837863,0.0,6.32909618176,1461.2635104755573,30575.33406298001,14823.353672344983,0.0,2581.6,9547.027843268828,8.0,0.0,9297.883422141083,3099.736323930769,49850.0620120001
solar_ramp__B__vplup,solar_ramp,2020-01-14,B,vpl_decomp,vplup,0.5,1.2511,0.5,0.8518,800.0,emergent,0.5,1.0,False,121001.7219911235,gurobi,0.0003686367381599,12.7,1.6,1359062.5673689137,1359062.56744459,1195076.8097245614,168642.315132,0.0,-6241.431290434252,0.0,1584.873878466522,-3.725290298461914e-09,93416.61376822488,62414.31290434252,31002.300863882363,33.18713836149306,13.0,0.0,6.0,0.0,7.0,59.6060775540916,31.904325842936007,1169.7692719990475,626.122394667619,24936.0,301,471,500.0,364.555088336172,500.0,12,0.7326367671464205,8.716981450284777,16.30519238229662,7.58821093201184,30.2935295378998,15.51998392208499,0.0,0.0,0.9905461740415764,0.0,792.436939233261,,,0.0,0.0,0.0,,0.0,,,,0.0,38716.80872963474,33707.351806796505,4925.498712856794,0.0,83.95820998144,1082.3412435188573,33344.61699459916,13235.500230397,0.0,2581.6,9540.820247026702,104.0,0.0,9061.12402523382,5486.528755962656,46784.31887962719
solar_ramp__B__vre30,solar_ramp,2020-01-14,B,vre_share,vre30,0.3,0.7506,0.3,0.5111,800.0,emergent,0.5,1.0,False,121001.7219911235,gurobi,0.000477680582606,24.6,2.7,1565568.9479057328,1565568.947905725,1476923.238550625,90167.506494,0.0,-5152.051365228337,0.0,3630.254226333725,-5.122274160385132e-09,56049.96826093493,51520.51365228337,4529.454608651564,8.081101112430872,11.0,0.0,4.0,0.0,7.0,63.98974819266019,35.17666402108027,1397.1095022064144,768.0238311269192,27692.0,317,524,500.0,284.1458462561219,500.0,7,0.7028352911685309,16.993188829809238,17.13793570718741,0.1447468773781753,21.25681192,1.2778501591616584,13.400627940952754,93.80439558666929,1.1344544457292889,1.1344544457292889,1815.1271131668625,,,0.0,0.0,0.0,,0.0,,,,0.0,44594.375746010985,36587.77200407023,7922.678626031625,0.0,83.92511590912,990.0974515317952,36143.52063301174,21397.05131403432,66.0,2581.6,9572.0,104.0,0.0,7801.617734618005,3967.8211668323847,38760.97729930119
solar_ramp__B__vre70,solar_ramp,2020-01-14,B,vre_share,vre70,0.7,1.7515,0.7,1.1926,800.0,emergent,0.5,1.0,False,121001.7219911235,gurobi,0.0004380193528535,16.2,2.8,1207427.4851180995,1207427.4851180993,1070124.706661265,140802.62211,0.0,-6790.0978794999255,0.0,3290.2542263337245,2.3283064365386963e-10,130783.2592755148,67900.97879499926,62882.28048051556,48.08129177148314,16.0,0.0,5.0,0.0,11.0,60.54194627713433,28.5598636776168,1114.980843937224,525.9774893961093,25118.0,305,442,500.0,352.36889992784864,500.0,13,0.7519591138801266,7.581882660034701,15.0434850467088,7.461602386674102,25.332507751894177,13.752874159800292,13.076923076923078,170.00000000000003,0.921954445729289,1.1344544457292889,1645.1271131668625,,,0.0,0.0,0.0,,0.0,,,,0.0,34591.58946512855,30300.55121511262,4166.062550083765,0.0,124.97569993216,2016.926298600463,30024.63027896943,11186.829466537189,0.0,2581.6,9536.0,152.0,0.0,8626.011315534019,2492.621556571085,54765.41962429369
solar_ramp__B__w05,solar_ramp,2020-01-14,B,window_scale,w05,0.5,1.2511,0.5,0.8518,800.0,emergent,0.5,0.5,False,119417.15203766488,gurobi,0.0004599436560626,14.7,1.9,1289158.8940837446,1289158.8940837423,1123717.0151656098,168383.580132,0.0,-6384.964958462488,0.0,3443.263744596251,-9.313225746154783e-10,93416.61376822488,63849.64958462487,29566.96418360002,31.65064862761816,8.0,0.0,6.0,0.0,2.0,61.68052230687189,31.54236098832262,1123.0995103376256,574.3338229957077,25512.0,287,437,500.0,321.5690071130894,500.0,10,0.7688235988850153,7.653986789687527,15.1324251308122,7.478438341124673,24.60787782990097,17.85025333677591,17.0,170.0,1.0175853946433682,1.1344544457292889,1721.6318722981257,,,0.0,0.0,0.0,,0.0,,,,0.0,36085.29446633057,31233.15913390247,4839.415306403134,0.0,12.72002602496,1650.162419219659,30947.193818387288,12860.817933509696,0.0,2581.6,9536.0,16.0,0.0,10538.442587783182,4535.945036134787,47125.09954148724
solar_ramp__B__w20,solar_ramp,2020-01-14,B,window_scale,w20,0.5,1.2511,0.5,0.8518,800.0,emergent,0.5,2.0,False,120915.245226937,gurobi,0.0004909930459515,24.7,1.1,1312943.9187216775,1312943.9187216756,1147376.734314649,168538.82113199998,0.0,-6441.425380002388,0.0,3469.7886550305448,-1.164153218269348e-09,93416.61376822488,64414.25380002386,29002.35996820101,31.04625483445429,11.0,0.0,6.0,0.0,5.0,59.55688072953272,32.594579944624584,1104.2838301934191,604.3578364732474,24130.0,282,445,500.0,352.5405044173762,500.0,13,0.7780545970395591,8.674180197107198,16.064605272644084,7.3904250755368865,26.356042307850423,13.97123362614223,13.076923076923078,170.00000000000003,1.0341634636648016,1.1344544457292889,1734.8943275152724,,,0.0,0.0,0.0,,0.0,,,,0.0,36677.82511457164,31680.63051787835,4939.759543883046,0.0,57.43505281024,1440.19720894619,31403.66739408321,13286.920681274723,0.0,2581.6,9544.0,72.0,0.0,10141.774016214313,5356.953414176244,47475.32916068712
solar_ramp__C__base,solar_ramp,2020-01-14,C,base,base,0.5,1.2511,0.5,0.8518,800.0,emergent,0.5,1.0,False,116866.075339,gurobi,0.0002740167957948,10.4,2.0,1373395.2282454595,1373395.2282454567,1174422.9504707565,196326.767154,0.0,-6317.301295047694,8962.811915750646,0.0,-2.7939677238464355e-09,93416.61376822488,63173.01295047693,30243.60081774795,32.37497014480216,7.0,0.0,7.0,0.0,0.0,62.49518590008434,32.51113464167639,1153.5569730723898,600.1013602609434,23698.0,278,443,500.0,344.3983285780094,500.0,11,0.8166291675245939,13.73325408990666,19.978767793678568,6.245513703771906,28.03352073416431,14.260434594578737,0.0,0.0,0.0,0.0,0.0,,,3181.2666554796256,4135.646652123513,582.694231554764,18.316422188347293,1775.5276435698893,55.81197164065458,3.5356929489165028,1.0,0.0,36737.87694012892,31153.703831192324,5584.17310893659,0.0,0.0,841.0532668384758,30862.98148994556,14899.451156317084,0.0,2581.6,9560.0,0.0,0.0,8908.268188708305,3625.2366650228,49798.45482990735
solar_ramp__C__f02,solar_ramp,2020-01-14,C,dc_flex,f02,0.5,1.2511,0.5,0.8518,800.0,emergent,0.2,1.0,False,121186.075339,gurobi,7.233202803876221e-05,7.3,1.3,1419767.3362721095,1419767.336272105,1226484.1164905368,196430.261154,0.0,-6282.077523187637,3135.036150760046,0.0,-3.725290298461914e-09,93416.61376822488,62820.77523187635,30595.83853634852,32.75203125244893,9.0,0.0,7.0,0.0,2.0,61.97471985351534,32.58159706297288,1205.9247571496526,633.9835761836807,24706.0,293,467,500.0,350.48369636850174,500.0,12,0.7786495145670382,12.500119653969122,19.130101866060027,6.629982212090904,24.216879096223856,14.04821519410467,0.0,0.0,0.0,0.0,0.0,,,1272.5066634316577,1654.2586624611552,197.8962840088744,15.551689409247858,709.6927450792895,55.771239984348014,3.4519982430168468,1.0,0.0,39151.9941988761,33615.43694611078,5523.899060401807,0.0,12.65819236352,1391.1842300085132,33246.76886222281,14692.836966185529,0.0,2581.6,9560.0,16.0,0.0,9540.596276772776,3698.167612171484,48190.82711292358
solar_ramp__C__f08,solar_ramp,2020-01-14,C,dc_flex,f08,0.5,1.2511,0.5,0.8518,800.0,emergent,0.8,1.0,False,112546.075339,gurobi,0.0003785796161619,6.8,1.3,1334456.9293937006,1334456.929393696,1131815.502059172,196378.514154,0.0,-6320.609929822188,12583.523110348407,0.0,-2.0954757928848267e-09,93416.61376822488,63206.099298221896,30210.514470002992,32.339552089693626,8.0,0.0,7.0,0.0,1.0,61.35330702921223,33.28754807767613,1076.239260804098,583.9190725292355,22998.0,265,421,500.0,349.7282586196136,500.0,13,0.7885206997427616,12.57130804936847,21.019501519385468,8.448193470016996,29.63511691474792,16.518097345325685,0.0,0.0,0.0,0.0,0.0,,,5090.026646999983,6617.034641099978,770.4112679939203,15.135702058612877,2860.5902704425266,56.199907560965976,3.563858723013278,1.0,0.0,34584.13611274345,28905.17774679465,5672.629269767039,0.0,6.32909618176,1525.4156511284943,28789.448906435224,15084.608834266426,0.0,2581.6,9556.0,8.0,0.0,9471.768580920598,3414.205281379208,48794.70978479359
solar_ramp__C__hist,solar_ramp,2020-01-14,C,history,hist,0.5,1.2511,0.5,0.8518,800.0,emergent,0.5,1.0,False,116866.075339,gurobi,0.0001603465392052,10.1,1.6,1358873.049963257,1358873.0499632524,1120803.9341604467,236531.869032,0.0,-6605.1639465970775,8142.410717406796,0.0,-3.958120942115784e-09,93416.61376822488,66051.63946597079,27364.974302254104,29.293477036267983,26.0,0.0,10.0,0.0,16.0,53.60436599737491,39.13594012507407,875.5379779571236,639.2203553762097,20060.0,229,392,500.0,379.6815832527548,500.0,16,0.8100380036713426,16.329956756645228,24.432404506819253,8.102447750174022,30.962572211031123,12.660837693312562,0.0,0.0,0.0,0.0,0.0,,,3181.266655479623,4135.646652123511,519.6432049649818,16.334474951036064,1757.09017626252,55.232407922674206,3.442986885741817,1.0,1.4210854715202004e-14,33034.75551752483,27036.837126089216,5886.515615637843,0.0,111.40277579776,1104.126070839966,27120.79938889118,15538.489140137854,88.0,2581.6,9548.0,136.0,0.0,10235.546695947003,3440.9897584283285,51270.97694075548
solar_ramp__C__mig05,solar_ramp,2020-01-14,C,migration_cost,mig05,0.5,1.2511,0.5,0.8518,800.0,emergent,0.5,1.0,False,116866.075339,gurobi,0.0004645364744901,8.3,1.5,1368600.619431197,1368600.6194311937,1173115.18316372,196326.767154,0.0,-6322.816061180151,5481.485174656047,0.0,-2.561137080192566e-09,93416.61376822488,63228.16061180151,30188.45315642338,32.315936040374666,7.0,0.0,7.0,0.0,0.0,62.61817925509536,32.388141286665366,1155.8272254169683,597.8311079163649,23698.0,278,443,500.0,332.57669382160486,500.0,13,0.800646017908528,12.826985077306908,17.54355171216281,4.716566634855901,23.16444691310216,9.33009165763603,0.0,0.0,0.0,0.0,0.0,,,3181.26665547962,4135.646652123506,655.4758483814667,20.604240994775854,1697.2817801950257,53.35238959838583,3.419661358735202,1.0,1.4210854715202004e-14,36697.15972152406,31120.999756247424,5576.159965276633,0.0,0.0,855.1957584777936,30830.3643974378,14877.582192554964,0.0,2581.6,9560.0,0.0,0.0,9132.116391751964,3905.3194921947497,49335.528969377
solar_ramp__C__mig20,solar_ramp,2020-01-14,C,migration_cost,mig20,0.5,1.2511,0.5,0.8518,800.0,emergent,0.5,1.0,False,116866.075339,gurobi,0.0002700585398309,8.1,1.6,1378305.79114257,1378305.7911425675,1180168.6857693307,196326.767154,0.0,-6290.84076946736,8101.17898870633,0.0,-2.0954757928848267e-09,93416.61376822488,62908.4076946736,30508.20607355129,32.658223032195245,7.0,0.0,7.0,0.0,0.0,61.89263802421345,33.113682517547275,1142.4349435302731,611.2233898030601,23498.0,275,443,500.0,322.38088056066846,500.0,10,0.7707759414284931,13.3756849631524,19.283542589459746,5.907857626307345,32.19009854064132,16.61486220474861,0.0,0.0,0.0,0.0,0.0,,,3181.266655479623,4135.64665212351,295.8850141306573,9.300855482233954,1744.3004633009966,54.83037582833551,3.540155137948305,1.0,1.4210854715202004e-14,37013.75762994315,31437.05815339168,5576.699476551466,0.0,0.0,1149.7340889028555,31150.869281132647,14878.492074140791,0.0,2581.6,9560.0,0.0,0.0,9819.610311116188,4189.200017390933,47749.86327726361
solar_ramp__C__reson,solar_ramp,2020-01-14,C,reserve_from_flex,reson,0.5,1.2511,0.5,0.8518,800.0,emergent,0.5,1.0,True,116866.075339,gurobi,0.000452843428096,8.0,1.4,1371504.7139041466,1371504.7139041417,1201596.3318465534,168745.80913200002,0.0,-6235.019935253376,7397.59286084674,0.0,-5.122274160385132e-09,93416.61376822488,62350.19935253376,31066.41441569112,33.255770213176135,15.0,0.0,6.0,0.0,9.0,59.620832625789525,31.55337456237115,1175.0272429999352,621.8644236667313,23712.0,302,473,500.0,351.563602007306,500.0,12,0.783191559857459,8.898740373850067,16.308210687138132,7.409470313288064,29.29107827612092,14.749808886334629,0.0,0.0,0.0,0.0,0.0,,,3181.2666554796547,4135.646652123551,431.5727927853587,13.566067844139535,1689.114531531795,53.095660139722526,3.449168257934592,1.0,6.230947064977954e-07,38387.9571940922,33127.33495410729,5162.439965481235,0.0,98.18227450368,1528.555776171535,32768.321193087264,13690.424974914296,0.0,2581.6,9560.0,120.0,0.0,9388.420998110145,3144.1103310913595,48289.11224716072
solar_ramp__C__vre30,solar_ramp,2020-01-14,C,vre_share,vre30,0.3,0.7506,0.3,0.5111,800.0,emergent,0.5,1.0,False,116866.075339,gurobi,9.976375314280154e-05,9.7,1.3,1618424.638503233,1618424.6385032288,1480395.593645149,140543.88710999998,0.0,-5088.683294371983,2573.8410424566355,0.0,-4.6566128730773926e-09,56049.96826093493,50886.83294371983,5163.135317215102,9.211665015007055,11.0,0.0,5.0,0.0,6.0,59.08113833332924,39.50628799280042,1253.0124754860244,837.8625245139756,24396.0,282,509,500.0,243.4470414694316,500.0,1,0.6239065973611804,24.31472358583885,22.590787505457573,-1.7239360803812802,5.732150131672576,-2.0039525594484082e-14,0.0,0.0,0.0,0.0,0.0,,,3181.266655479623,4135.646652123511,231.9291111997441,7.2904643438252545,1693.3457118394745,53.22866314657227,3.412451229562886,1.0,0.0,45497.67423134681,37792.92818629903,7640.592024659949,0.0,64.15402038784,799.5702399713122,37365.34643700991,20565.354151325504,0.0,2581.6,9576.0,80.0,0.0,7693.017596602731,3796.268496984648,38597.97661016113
solar_ramp__C__vre70,solar_ramp,2020-01-14,C,vre_share,vre70,0.7,1.7515,0.7,1.1926,800.0,emergent,0.5,1.0,False,116866.075339,gurobi,0.0001854164425461,7.0,1.2,1265622.8243723866,1265622.8243723875,1088670.568842601,174048.81456,0.0,-6677.529804916566,9580.970774701773,0.0,1.164153218269348e-09,130783.2592755148,66775.29804916565,64007.96122634916,48.942014123922895,9.0,0.0,7.0,0.0,2.0,63.820112901425375,28.82827419534882,1154.080374967442,521.3112916992244,25802.0,295,434,500.0,363.504724334664,500.0,12,0.8352764497918068,12.116605440975071,19.30180411897601,7.185198678000941,28.49872159551561,14.67612560040034,0.0,0.0,0.0,0.0,0.0,,,3181.266655479626,4135.646652123515,541.5372188150507,17.022691822525182,1725.5331407833874,54.24044343504541,3.514987536246532,1.0,0.0,34379.08169052431,29479.706784433536,4880.387617545496,0.0,18.98728854528,1806.483665362343,29209.1555948819,12847.471294831235,121.0,2581.6,9535.844111068249,24.0,0.0,9466.500242978696,4176.071909220172,51326.24223160444
solar_ramp__C__w05,solar_ramp,2020-01-14,C,window_scale,w05,0.5,1.2511,0.5,0.8518,800.0,emergent,0.5,0.5,False,116866.075339,gurobi,0.0,6.8,1.3,1366323.2480248755,1366323.2480248744,1167937.3605002095,196378.514154,0.0,-6189.533293980914,8196.906664646918,0.0,-1.164153218269348e-09,93416.61376822488,61895.33293980914,31521.280828415744,33.742692607787,8.0,0.0,7.0,0.0,1.0,63.08890167795484,31.730467691414525,1167.1446810421646,587.0136522911688,24030.0,283,444,500.0,303.8293548933059,500.0,10,0.7485486572978219,13.101163654187111,19.33150919159576,6.230345537408639,24.03714046338612,15.54078915092604,0.0,0.0,0.0,0.0,0.0,,,1962.3666912806675,2551.076698664868,472.9506065132471,24.101031097536264,1010.450949396268,51.49144417737919,1.9374339117888308,1.0,1.4210854715202004e-14,36464.79194236338,30897.827417150147,5560.635429031468,0.0,6.32909618176,1535.0832376147014,30610.34973113929,14837.977923848764,0.0,2581.6,9560.0,8.0,0.0,9420.826938685374,2581.001985421367,48358.4207780877
solar_ramp__C__w20,solar_ramp,2020-01-14,C,window_scale,w20,0.5,1.2511,0.5,0.8518,800.0,emergent,0.5,2.0,False,116866.075339,gurobi,0.0002034250632181,7.4,1.3,1360606.8629968695,1360606.862996866,1164541.730628576,196326.767154,0.0,-6348.556980462484,6086.922194756406,0.0,-3.958120942115784e-09,93416.61376822488,63485.56980462484,29931.043963600045,32.04038634697431,7.0,0.0,7.0,0.0,0.0,63.4027739986028,31.603546543157915,1170.30953672421,583.3487966091233,23960.0,281,443,500.0,340.8065001016702,500.0,10,0.8018929921709497,11.286213257122869,17.508969454251087,6.22275619712822,28.408579035984133,15.764402616732136,0.0,0.0,0.0,0.0,0.0,,,3114.7460676438577,4049.169887937015,363.86084503941447,11.681878302029808,1812.3947285213576,58.18755972914156,4.279887163022911,1.0,1.4210854715202004e-14,36448.44678253865,30932.837425587044,5515.609356951607,0.0,0.0,1146.780677681374,30640.619816024024,14719.751302594932,0.0,2581.6,9560.0,0.0,0.0,9446.307615746677,2779.315832604665,50113.16567859212
solar_ramp__D__base,solar_ramp,2020-01-14,D,base,base,0.5,1.2511,0.5,0.8518,800.0,emergent,0.5,1.0,False,116866.075339,gurobi,0.000349854110335,11.2,1.8,1291547.1460116669,1291547.146011665,1116379.1307871048,168331.833132,0.0,-6574.186624688165,9803.50811540348,3606.860601847324,-2.561137080192566e-09,93416.61376822488,65741.86624688163,27674.747521343244,29.6250810268148,7.0,0.0,6.0,0.0,1.0,61.89219594254961,33.708283673757336,1075.3769045017996,585.6814288315337,21984.0,259,417,500.0,333.2619083783912,500.0,11,0.7682963649086838,11.65703534450082,19.815873382966547,8.15883803846573,26.325650113143794,18.16613881166048,20.37017491261521,224.0719240387673,1.1198334304252884,1.1344544457292889,1803.430300923662,,,3181.266655479623,4135.646652123511,574.8228395119751,18.06899269263903,1772.7197585507572,55.72370852651752,3.561791194497013,1.0,1.4210854715202004e-14,35400.17209605474,30396.629609056108,4990.760627312225,0.0,12.7818596864,1561.0170794931662,30225.162174982222,13259.192116974586,0.0,2581.6,9564.0,16.0,0.0,9572.32267194326,5237.932231182489,49370.59426426273
solar_ramp__D__dedicated,solar_ramp,2020-01-14,D,vpl_mode,dedicated,0.5,1.2511,0.5,0.8518,800.0,dedicated,0.5,1.0,False,116866.075339,gurobi,0.0004496584996801,17.6,3.0,1321978.3835396864,1321978.3835396846,1151179.0637171958,168797.556132,0.0,-6459.263365327875,5785.899942653849,2675.1271131668623,-4.190951585769653e-09,93416.61376822488,64592.633653278746,28823.98011494613,30.85530394674876,16.0,0.0,6.0,0.0,10.0,59.33886735269647,31.571309638453982,1117.5486684757834,594.5929981908833,22958.0,290,452,500.0,373.0448570766409,500.0,12,0.7492774892901544,16.833581940404112,20.827855677302058,3.9942737368979486,18.451717115607043,9.377596408900102,11.463629715285926,137.5635565834311,0.75,0.921954445729289,1337.5635565834311,20.0,0.0,3181.266655479624,4135.646652123511,398.435026663412,12.524414637707949,1765.868534741336,55.50834701956492,3.4151288897914664,1.0,1.4210854715202004e-14,36460.89445399576,31360.40686338795,4996.213394107331,0.0,104.27419650048,1326.7645857804584,31085.313800008906,13354.918156572294,0.0,2581.6,9560.0,128.0,0.0,9732.279505843053,4297.802484737818,49235.78707691742
solar_ramp__D__explicit,solar_ramp,2020-01-14,D,vpl_mode,explicit,0.5,1.2511,0.5,0.8518,800.0,explicit,0.5,1.0,False,116866.075339,gurobi,0.0001916030329335,12.5,1.4,1321600.688740236,1321600.688740232,1150981.877378366,168745.809132,0.0,-6459.324955469961,5636.748924191184,2695.578261147999,-3.026798367500305e-09,93416.61376822488,64593.24955469962,28823.364213525263,30.85464464066173,15.0,0.0,6.0,0.0,9.0,59.33623768093485,31.5739393102156,1117.4991429909396,594.642523675727,22896.0,289,452,500.0,359.0491833494746,500.0,12,0.7402507668700382,18.9974649899172,20.67637256722666,1.6789075773094593,18.45171711560705,4.384473286445679,11.463629715285926,137.5635565834311,0.7627819674882104,0.921954445729289,1347.7891305739995,9.0,13.0,3181.266655479624,4135.646652123512,389.33099880132727,12.238238442876767,1704.1227813080347,53.56742976489384,3.429238003966093,1.0,0.0,36458.00542011175,31359.55379298512,4994.611717750628,0.0,103.839909376,1469.495672944172,31085.00431829718,13356.416249920272,0.0,2581.6,9560.0,128.0,0.0,9186.874313034345,3815.285082610036,50121.59448611106
solar_ramp__D__f02,solar_ramp,2020-01-14,D,dc_flex,f02,0.5,1.2511,0.5,0.8518,800.0,emergent,0.2,1.0,False,121186.075339,gurobi,0.0004702411075428,5.8,1.2,1330636.942182122,1330636.9421821178,1162568.1639877274,168590.568132,0.0,-6587.882662696078,2413.2664478720453,3652.826277218057,-3.725290298461914e-09,93416.61376822488,65878.82662696077,27537.78714126412,29.478468583316324,12.0,0.0,6.0,0.0,6.0,58.595095597021015,33.0984456056516,1096.2165801276014,619.216753205732,22376.0,281,449,500.0,363.0639007852008,500.0,12,0.7657687888520358,10.821408391204258,18.47351704833026,7.652108657126007,24.033220690873364,15.350793716886193,23.14493899320075,277.739267918409,1.1485619775319964,1.1344544457292889,1826.413138609028,,,1272.5066634316668,1654.2586624611672,141.81972492866203,11.144910200014658,698.1875780346968,54.86710585482048,3.600525876947793,1.0,0.0,36969.434805131525,31820.52509441125,5078.061398159629,0.0,70.84831256064,1650.162419219659,31521.669521188905,13601.53255574866,0.0,2581.6,9560.0,88.0,0.0,9685.56489724262,5174.608852148178,49368.49045835031
solar_ramp__D__f08,solar_ramp,2020-01-14,D,dc_flex,f08,0.5,1.2511,0.5,0.8518,800.0,emergent,0.8,1.0,False,112546.075339,gurobi,0.0001164719891609,7.2,1.3,1252687.841486666,1252687.841486663,1097276.957367881,140750.87511000002,0.0,-6484.235113849673,17616.047918128705,3528.196204505707,-2.561137080192566e-09,93416.61376822488,64842.351138496735,28574.26262972816,30.5879880217276,15.0,0.0,5.0,0.0,10.0,58.75649249946823,30.698462455486723,1086.9951112401625,567.9215554265044,22564.0,290,444,500.0,307.45276337484233,500.0,11,0.7747989020216668,13.094256749296248,20.160864477364168,7.0666077280679245,26.54482052758157,16.196379458619077,15.454545454545457,170.0,1.0706681820867778,1.1344544457292889,1764.0981022528536,,,5090.026646999983,6617.034641099978,1052.745989926411,20.68252413858953,2670.1958907476333,52.45936958545047,3.4516733808181854,1.0,0.0,35452.23153886385,30975.75888259833,4372.391218221366,0.0,104.08143804416,1239.8162468749451,30690.19784993884,11753.91948029726,0.0,2581.6,9556.0,128.0,0.0,10131.305846516694,5813.912584725715,47657.31646037937
solar_ramp__D__hist,solar_ramp,2020-01-14,D,history,hist,0.5,1.2511,0.5,0.8518,800.0,emergent,0.5,1.0,False,116866.075339,gurobi,0.0004118773537654,6.7,1.3,1259333.674091626,1259333.6740916232,1059460.7710338177,196533.755154,0.0,-6808.661522280912,6727.881042892124,3419.9283831968023,-2.3283064365386963e-09,93416.61376822488,68086.61522280911,25329.99854541576,27.11508962234683,11.0,0.0,7.0,0.0,4.0,54.02576875298766,40.81879646440365,828.3951208791441,625.8882124541893,19576.0,210,368,500.0,349.6526452727767,500.0,12,0.7896443010743945,11.42895849949312,19.034195536923832,7.605237037430714,23.947699603928825,15.694608405944868,21.762111252406587,261.14533502887906,1.061023570711903,1.0764316687860989,1709.9641915984012,,,3181.2666554796224,4135.64665212351,397.0942370760716,12.482268230866168,1730.838187346871,54.40720237536713,3.5517487386414177,1.0,0.0,32468.511882782583,27319.076542674808,5123.561000933381,0.0,25.8743391744,1650.162419219659,27408.38858134318,13710.928517557362,0.0,2581.6,9548.0,32.0,0.0,10907.033867370315,5563.78374377997,49965.63519243918
solar_ramp__D__mig05,solar_ramp,2020-01-14,D,migration_cost,mig05,0.5,1.2511,0.5,0.8518,800.0,emergent,0.5,1.0,False,116866.075339,gurobi,0.0004073470328021,8.6,1.3,1285325.5035402863,1285325.5035402847,1112846.396681613,168280.086132,0.0,-6584.532873778168,7152.162482506182,3631.3911179462575,-2.561137080192566e-09,93416.61376822488,65845.32873778169,27571.2850304432,29.51432718258239,6.0,0.0,6.0,0.0,0.0,62.339011767011925,33.66436172696398,1077.9454118045812,582.1129215287523,21968.0,257,415,500.0,334.745893999723,500.0,11,0.7705594715015951,10.863157378972229,18.79540433998724,7.932246961015013,25.589264898193328,17.246169163726552,25.71929410364908,282.91223514013984,1.135165002987122,1.1344544457292889,1815.6955589731288,,,3181.266655479624,4135.6466521235125,792.4547096874967,24.91003727469749,1596.8866579065873,50.19656730617046,3.387776201261835,1.0,0.0,35273.380764830166,30266.356374057243,5007.024390772924,0.0,0.0,1650.162419219659,30093.16176454402,13305.548352146036,0.0,2581.6,9564.0,0.0,0.0,9870.888019419186,4793.62597031338,49530.652328829456
solar_ramp__D__mig20,solar_ramp,2020-01-14,D,migration_cost,mig20,0.5,1.2511,0.5,0.8518,800.0,emergent,0.5,1.0,False,116866.075339,gurobi,0.0003409593245648,9.8,1.4,1296093.6363225377,1296093.6363225337,1128551.1781392472,168435.327132,0.0,-6524.057048194963,2138.327336449044,3492.86076303594,-3.2596290111541752e-09,93416.61376822488,65240.57048194963,28176.043286275257,30.161704807864893,9.0,0.0,6.0,0.0,3.0,60.59965285666902,34.80082561223051,1055.4439539203188,606.1143794130147,21500.0,253,418,500.0,355.2185902163892,500.0,15,0.8092774066649027,14.50553070034718,23.194094805141173,8.68856410479399,29.071772813936427,14.163946347358568,21.84183277758269,327.62749166374044,1.0235036123177872,1.1595343645796756,1746.43038151797,,,3181.266655479624,4135.646652123512,124.79988456133044,3.922962080099978,1759.7253421360278,55.315241779715656,3.511619067449014,1.0,1.4210854715202004e-14,35835.35617991621,30790.662110949248,5025.644946760252,0.0,19.04912220672,1380.1410749723475,30621.794071684453,13352.951034227895,0.0,2581.6,9564.0,24.0,0.0,9360.449080502118,4242.991505522635,50256.98882095253
solar_ramp__D__reson,solar_ramp,2020-01-14,D,reserve_from_flex,reson,0.5,1.2511,0.5,0.8518,800.0,emergent,0.5,1.0,True,116866.075339,gurobi,0.0004983900513386,28.3,1.3,1287730.530419443,1287730.5304194377,1130219.5625949246,151977.849966,0.0,-6541.013230395318,8514.101671862643,3560.029417050405,-4.6566128730773926e-09,93416.61376822488,65410.13230395319,28006.481464271703,29.980193388039453,15.0,0.0,7.0,0.0,8.0,56.17978814166749,32.70243408055473,1053.3710276562654,613.1706390104013,21986.0,288,450,500.0,309.2479660550071,500.0,12,0.7841789708090828,10.443552086176176,17.506642823937938,7.063090737761766,25.45973542303796,14.84581424327727,17.70922546566548,212.5107055879857,1.090563939927214,1.1344544457292889,1780.0147085252024,,,3181.2666554796224,4135.64665212351,504.7213510762824,15.865421095930994,1685.1543502891625,52.97117572293232,3.6054476884403552,1.0,0.0,36273.73482031435,31497.32269531352,4678.737292939392,0.0,97.67483206144,1503.2137967494195,31202.90700337167,12340.631517695156,176.5568151828029,2581.6,9560.0,120.0,0.0,10079.969102999512,4963.7093542814455,48863.2400499228
solar_ramp__D__soc50,solar_ramp,2020-01-14,D,soc_initial,soc50,0.5,1.2511,0.5,0.8518,800.0,emergent,0.5,1.0,False,116866.075339,gurobi,0.0002734044403839,9.6,1.3,1302600.0324964577,1302600.032496453,1127578.759949897,168331.833132,0.0,-6518.515597396283,9383.861057329575,3824.0939546269647,-4.190951585769653e-09,93416.61376822488,65185.15597396283,28231.45779426205,30.221024564545736,7.0,0.0,6.0,0.0,1.0,60.5459100445157,34.93590813730249,1054.507933275315,608.467066724685,21852.0,259,418,500.0,359.63863978599875,500.0,12,0.7374508254830708,11.913405497554402,21.12313017035011,9.209724672795708,26.21352098483596,18.372081269768056,44.89848152430962,538.7817782917155,0.9571837649106236,1.432874956731229,1912.0469773134823,,,3181.266655479624,4135.646652123511,546.2277504525011,17.170134088308583,1736.7172221431304,54.59200407333646,3.50939657973294,1.0,0.0,35822.152886861426,30781.419752127684,5028.074942370224,0.0,12.65819236352,1650.162419219659,30605.377030665262,13459.832570727178,0.0,2581.6,9560.0,16.0,0.0,9210.226131756524,4788.08715000822,49536.680272978425
solar_ramp__D__vpl100,solar_ramp,2020-01-14,D,vpl_size,vpl100,0.5,1.2511,0.5,0.8518,400.0,emergent,0.5,1.0,False,116866.075339,gurobi,0.0001276033852378,8.4,1.3,1331692.9572643142,1331692.957264311,1156283.8773253346,168694.062132,0.0,-6428.349630467055,11150.61027363592,1992.7571638104205,-3.026798367500305e-09,93416.61376822488,64283.49630467055,29133.11746355434,31.18622725486096,14.0,0.0,6.0,0.0,8.0,58.766931571975874,32.143245419174576,1106.7772112722123,605.3644553944545,22726.0,289,452,500.0,332.7556657345229,500.0,11,0.7259372241164725,13.443816263773533,20.475614789069144,7.031798525295613,25.379142825726788,15.734920185329448,14.862385009069504,163.48623509976454,1.171954445729289,1.3189920090337366,996.3785819052102,,,3181.266655479625,4135.6466521235125,629.5897250771102,19.79053607444893,1705.5737056030173,53.61303814834962,3.422717583066739,1.0,0.0,36521.58463467506,31345.5603522703,5072.487735358365,0.0,103.5365470464,1650.162419219659,31067.872600286533,13630.874329180377,0.0,2581.6,9560.0,128.0,0.0,9270.058573682038,5310.22266600136,48053.052645767486
solar_ramp__D__vpl100_f02,solar_ramp,2020-01-14,D,vpl_x_fd,vpl100_f02,0.5,1.2511,0.5,0.8518,400.0,emergent,0.2,1.0,False,121186.075339,gurobi,0.0002882832800836,10.3,1.4,1374480.3808634875,1374480.3808634842,1180602.4966004686,196378.514154,0.0,-6504.752939742342,2163.385388116771,1840.7376606435785,-2.561137080192566e-09,93416.61376822488,65047.52939742342,28369.084370801465,30.368350153633006,8.0,0.0,7.0,0.0,1.0,61.28798651246074,35.99589974346344,1077.6470961774346,632.9279038225654,21972.0,252,422,500.0,333.86847005709683,500.0,12,0.7697249487552029,21.46319298437865,24.882915136103104,3.4197221517244443,23.947699603928868,6.891634910828535,12.51238001484063,150.14856017808756,1.166467630075184,1.1344544457292889,920.3688303217892,,,1272.5066634316588,1654.2586624611563,150.45639939289669,11.82362369617384,697.5088770905228,54.81377010706578,3.507011403959189,1.0,0.0,36693.59552152567,30985.61242351532,5695.324905646829,0.0,12.65819236352,1231.6172365292812,30691.896460197186,15164.373231544389,0.0,2581.6,9564.0,16.0,0.0,9701.335927922526,4633.604115343924,49480.97211762769
solar_ramp__D__vpl100_f08,solar_ramp,2020-01-14,D,vpl_x_fd,vpl100_f08,0.5,1.2511,0.5,0.8518,400.0,emergent,0.8,1.0,False,112546.075339,gurobi,0.0003439333736828,8.6,1.4,1291089.752862889,1291089.7528628872,1113259.3784756584,168280.086132,0.0,-6382.780640430725,14087.941782494818,1845.1271131668625,-2.0954757928848267e-09,93416.61376822488,63827.80640430724,29588.807363917644,31.67403117108288,6.0,0.0,6.0,0.0,0.0,62.729613934579625,30.86670790450084,1136.9742525642555,559.4590807690778,23604.0,283,435,500.0,332.69081552451183,500.0,13,0.8122643432075453,11.737426951577325,18.829525763137624,7.092098811560302,26.910820057421084,13.436975640418686,8.33479616205199,108.35235010667589,1.171954445729289,1.1344544457292889,922.5635565834313,,,5090.026646999983,6617.034641099979,837.5668811517801,16.455058867824093,2852.818151779151,56.04721447697286,3.60319321156985,1.0,0.0,35536.68469259492,30636.69652198772,4899.988170607198,0.0,0.0,1474.8375617984125,30345.797679268504,13081.220259189362,0.0,2581.6,9560.0,0.0,0.0,8744.03036088945,5172.908346365923,48436.03013525345
solar_ramp__D__vpl400,solar_ramp,2020-01-14,D,vpl_size,vpl400,0.5,1.2511,0.5,0.8518,1600.0,emergent,0.5,1.0,False,116866.075339,gurobi,0.0001111146472777,10.7,1.3,1219007.5128771055,1219007.512877104,1091918.0302001974,124034.662944,0.0,-6679.973129276552,3054.962431438721,6679.830430746495,-2.0954757928848267e-09,93416.61376822488,66799.73129276551,26616.882475459373,28.49266463618376,16.0,0.0,6.0,0.0,10.0,53.69572476402079,33.119935191236486,1000.0828737298872,616.8587929367795,19720.0,278,447,500.0,333.68071703284863,500.0,10,0.7674257765477764,25.68775595239957,26.67322241830583,0.9854664659062592,7.796594452633613,2.891312417342817,34.0,340.0,0.9529925638789908,1.1344544457292889,3339.9152153732475,,,3181.266655479623,4135.64665212351,255.90036542499016,8.043977231025591,1725.2025440662142,54.23005145119199,3.4165548934238785,1.0,1.4210854715202004e-14,36434.96312179234,32499.38365154694,3831.210346011156,0.0,104.36912423424,1650.162419219659,32202.11744282873,10197.407598263271,154.0,2581.6,9567.0859893907,128.0,0.0,11283.262648124664,6159.187327343883,47707.1188980773
solar_ramp__D__vpl400_f02,solar_ramp,2020-01-14,D,vpl_x_fd,vpl400_f02,0.5,1.2511,0.5,0.8518,1600.0,emergent,0.2,1.0,False,121186.075339,gurobi,0.0002078473714174,11.2,1.4,1263792.8878476962,1263792.8878421397,1122511.144238903,140440.39311,0.0,-6716.845867238858,1002.8387610267724,6555.357599452591,-3.725290298461914e-09,93416.61376822488,67168.45867238856,26248.15509583632,28.09795178506512,9.0,0.0,5.0,0.0,4.0,56.32095887818128,34.71565439412994,1025.5107929068838,632.114207093116,20260.0,262,437,500.0,320.6004942764332,500.0,9,0.7578495798708312,27.969242055598205,26.561318022156183,-1.4079240334420184,23.64462005653252,0.2563744107458217,37.77777777777778,340.0,0.9140948040996456,1.1344544457292889,3277.6787997262954,,,1272.5066634316595,1654.2586624611577,105.28476812703605,8.273808786439442,699.7378471654571,54.98893383225389,3.4619922959402865,1.0,0.0,36964.78264416121,32564.521588235053,4361.633596654483,0.0,38.62745927168,1650.162419219659,32274.53803110055,11821.116949743531,0.0,2581.6,9567.0859893907,48.0,0.0,11267.001018618792,6267.810395672877,47983.48483887724
solar_ramp__D__vpl400_f08,solar_ramp,2020-01-14,D,vpl_x_fd,vpl400_f08,0.5,1.2511,0.5,0.8518,1600.0,emergent,0.8,1.0,False,112546.075339,gurobi,0.0003084721482765,8.6,1.6,1174613.804382147,1174613.804382149,1050669.0929956776,112652.447088,0.0,-6647.163407891508,11246.29703754436,6693.130668816852,1.3969838619232178e-09,93416.61376822488,66471.63407891507,26944.979689309814,28.8438839756735,13.0,0.0,4.0,0.0,9.0,57.5127469603256,31.402993780415137,1035.2294452858607,565.2538880474725,22230.0,281,432,500.0,322.90883498132865,500.0,11,0.772676852166284,15.733294979364928,20.950237740067376,5.216942760702447,18.93970776560141,11.827555226172874,30.90909090909091,340.0,0.957148888275977,1.1344544457292889,3346.5653344084258,,,5090.026646999984,6617.03464109998,708.1060958888825,13.911638287910217,2780.433753618729,54.62513158467434,3.5086733513406028,1.0,0.0,35301.69510018726,31628.24193016692,3608.065379392493,0.0,65.38779062784,1650.162419219659,31334.915429395525,9784.677481656723,0.0,2581.6,9548.500402087093,80.0,0.0,11409.443292908683,6147.921725289827,47264.1066414969
solar_ramp__D__vpl650,solar_ramp,2020-01-14,D,vpl_size,vpl650,0.5,1.2511,0.5,0.8518,2600.0,emergent,0.5,1.0,False,116866.075339,gurobi,0.0003712202057049,8.7,1.4,1157158.216754618,1157158.2167546165,1097215.0375410449,56093.362044,0.0,-6612.708632147924,620.4308639827475,9842.09493773892,-2.3283064365386963e-09,93416.61376822488,66127.08632147923,27289.527446745647,29.2127131844593,2.0,0.0,2.0,0.0,0.0,61.72370792671279,30.50151331222526,1162.4631659530908,574.4451673802423,23062.0,288,452,500.0,325.77680151853275,500.0,9,0.7590058356529161,25.71694568464517,24.278931235761945,-1.438014448883231,5.188856738343667,-1.4082898701533624,13.628416936108536,122.65575242497682,0.9235808298262812,0.9691297351235107,4921.047468869459,,,3181.266655479623,4135.646652123511,74.42379348296367,2.339439020453417,1702.7595098141294,53.524576661349165,3.3934532286743098,1.0,0.0,37991.93257319674,34491.80200752907,3500.1305656676727,0.0,0.0,1650.162419219659,34068.568922620114,9558.115094505703,0.0,2581.6,9568.0,0.0,0.0,10798.265071816144,6281.393841107358,47397.26498933607
solar_ramp__D__vre30,solar_ramp,2020-01-14,D,vre_share,vre30,0.3,0.7506,0.3,0.5111,800.0,emergent,0.5,1.0,False,116866.075339,gurobi,0.0001634102389396,6.7,1.3,1547378.1241436077,1547378.1241436012,1462263.1535309984,84295.284066,0.0,-5172.6526428961615,2439.389632753951,3552.949556752189,-7.217749953269958e-09,56049.96826093493,51726.5264289616,4323.441831973325,7.713549117184118,6.0,0.0,3.0,0.0,3.0,64.70461282462776,36.21750067830767,1377.6690480576992,771.1309519423007,24776.0,295,511,500.0,325.3304904435586,500.0,10,0.6946988702113513,25.598471253323424,25.519153992180303,-0.0793172611431216,4.569473424621712,1.5016300316347886,17.0,170.0,1.0861390272408291,1.1344544457292889,1776.4747783760945,,,3181.266655479623,4135.64665212351,220.81049299576063,6.940961475688374,1720.824931754623,54.09244549778816,3.4287749656639144,1.0,1.4210854715202004e-14,44623.85748082968,36843.53294783308,7754.946314608126,0.0,25.37821838848,990.0974515317952,36399.630419778,21021.512426837213,0.0,2581.6,9596.0,32.0,0.0,8019.228994056268,3967.8211668323847,38749.37881654116
solar_ramp__D__vre70,solar_ramp,2020-01-14,D,vre_share,vre70,0.7,1.7515,0.7,1.1926,800.0,emergent,0.5,1.0,False,116866.075339,gurobi,0.0,8.2,1.4,1182997.4517019656,1182997.4517366444,1036464.1642963073,140336.89911,0.0,-6891.57121511799,9797.705319120889,3290.2542263337245,6.984919309616089e-10,130783.2592755148,68915.71215117989,61867.54712433492,47.3054024399266,7.0,0.0,5.0,0.0,2.0,63.67787232552576,27.913676970248883,1130.2822337780824,495.46776622191766,25168.0,291,426,500.0,356.8307485809177,500.0,12,0.7899118181229812,12.620470592632117,20.32092071463389,7.700450122001773,25.22802489933452,15.730697409600172,14.16666666666667,170.00000000000003,0.921954445729289,1.1344544457292889,1645.1271131668625,,,3181.266655479623,4135.64665212351,562.4466147308508,17.679958194075173,1776.5863823569732,55.845252056971205,3.5223690708444404,1.0,1.4210854715202004e-14,33899.92956410063,29833.676513319195,4040.936666054397,0.0,25.31638472704,1867.8904042076388,29558.37049578856,10750.855893537464,0.0,2581.6,9536.0,32.0,0.0,10748.016020838855,3246.777469791188,53053.02825634221
solar_ramp__D__w05,solar_ramp,2020-01-14,D,window_scale,w05,0.5,1.2511,0.5,0.8518,800.0,emergent,0.5,0.5,False,116866.075339,gurobi,0.0004873457706442,7.4,1.3,1285149.7152826237,1285149.7152826192,1112379.7411686524,168331.833132,0.0,-6420.442445388642,7443.972917162209,3414.610510196638,-3.259629011154175e-09,93416.61376822488,64204.42445388642,29212.189314338462,31.270871567681283,7.0,0.0,6.0,0.0,1.0,61.82009549073406,33.78663527849671,1071.5483218393904,585.6350114939429,22164.0,260,416,500.0,371.2990443177234,500.0,15,0.7628124963026601,12.049644140168835,20.595243967829933,8.545599827661102,26.99036696470588,13.6447804243853,19.624147473190423,294.36221209785634,0.992181940350904,1.141949628521995,1707.305255098319,,,1962.3666912806664,2551.076698664867,412.1488672399496,21.00264283282223,1048.6551547451832,53.43828752315485,2.02465836020143,1.0,1.4210854715202004e-14,35278.02671100204,30299.220799080907,4966.147719557604,0.0,12.65819236352,1207.811174145377,30131.164029548752,13294.07624630588,0.0,2581.6,9560.0,16.0,0.0,9285.7053799714,4813.704271135774,48897.20362863387
solar_ramp__D__w20,solar_ramp,2020-01-14,D,window_scale,w20,0.5,1.2511,0.5,0.8518,800.0,emergent,0.5,2.0,False,116866.075339,gurobi,0.0,7.6,1.4,1279569.050034283,1279569.0500342806,1107071.9150851483,168280.086132,0.0,-6595.7655421286645,7418.648419165347,3394.1659400977333,-2.3283064365386963e-09,93416.61376822488,65957.65542128665,27458.95834693824,29.394084455968848,6.0,0.0,6.0,0.0,0.0,62.88337695163671,33.119996542339194,1087.3583931220514,572.6999402112818,22092.0,259,415,500.0,351.53200282196366,500.0,12,0.7892408297162723,11.060452268708168,19.30962291137244,8.249170642664275,26.91082005742101,16.442835763381208,24.53018434148842,294.36221209786106,0.9868992668317944,1.1344544457292889,1697.0829700488666,,,3114.74606764386,4049.1698879370174,428.24166309081727,13.748846737119708,1752.007537860979,56.24880808297415,4.254228539967913,1.0,0.0,35133.94152861157,30180.054970472385,4953.886558139184,0.0,0.0,1614.8195533547014,30005.96647694362,13166.832088127148,0.0,2581.6,9564.0,0.0,0.0,9605.633962171312,5255.487950986308,49481.71395477432
spring_wind__A__base,spring_wind,2020-03-12,A,base,base,0.5,1.2511,0.5,1.1455,800.0,emergent,0.5,1.0,False,111807.97379718351,gurobi,0.0004998322520122,17.5,2.2,684722.4549370721,684722.4553305532,635606.5698634669,56352.097044,0.0,-7236.211576914097,0.0,0.0,3.4924596548080444e-10,115087.28689521314,72362.11576914099,42725.17112607216,37.12414488054914,7.0,0.0,2.0,0.0,5.0,58.52736013506579,20.262481134775484,768.1716017727385,265.9450648939282,19094.0,228,315,500.0,455.7194731495812,500.0,11,0.9114389462991624,8.779577934494903,14.015914361491523,5.236336426996619,23.01464486261849,12.169803059440744,0.0,0.0,0.0,0.0,0.0,,,0.0,0.0,0.0,,0.0,,,,0.0,21121.655756146945,19424.55586582132,1639.6648375153825,0.0,57.43505281024,2190.374801796648,19646.901227868617,4241.780329585659,0.0,6037.0,9532.0,72.0,0.0,12918.272606256967,5876.739751995589,51376.72860909178
spring_wind__A__f02,spring_wind,2020-03-12,A,dc_flex,f02,0.5,1.2511,0.5,1.1455,800.0,emergent,0.2,1.0,False,113646.58580752116,gurobi,0.0004946413761598,57.5,3.5,709203.8850003383,709203.8860866756,659993.2094752368,56559.085044,0.0,-7348.408432562224,0.0,0.0,1.0477378964424131e-09,115087.28689521314,73484.08432562224,41603.2025695909,36.14926000251494,11.0,0.0,2.0,0.0,9.0,56.67207404458535,20.13094710345091,781.6023545315729,277.6393121350938,18802.0,241,331,500.0,469.02618896322434,500.0,13,0.9380523779264488,9.454772988711818,14.139748759354596,4.684975770642779,22.82802967978951,10.082782961756909,0.0,0.0,0.0,0.0,0.0,,,0.0,0.0,0.0,,0.0,,,,0.0,21652.746066850323,19781.13262990121,1760.3543590969543,0.0,111.25907785216,1768.601628451879,19982.47534008238,4562.868151159872,0.0,6037.0,9536.0,136.0,0.0,11787.522798399696,3657.050873121865,56270.9090256488
spring_wind__A__f08,spring_wind,2020-03-12,A,dc_flex,f08,0.5,1.2511,0.5,1.1455,800.0,emergent,0.8,1.0,False,109969.36178615998,gurobi,0.0004842395104079,72.7,6.8,662345.9148023351,662345.9148023354,613142.4107370566,56352.097044,0.0,-7148.592978722048,0.0,0.0,8.14907252788543e-10,115087.28689521314,71485.92978722048,43601.35710799266,37.885467877691525,7.0,0.0,2.0,0.0,5.0,60.45414784590703,20.918454893819,735.5254654585356,254.50786787479785,18706.0,214,292,500.0,477.02541800885575,500.0,16,0.9540508360177116,7.5512291513540895,13.974781321591244,6.423552170237154,23.01464486261848,10.494780296408974,0.0,0.0,0.0,0.0,0.0,,,0.0,0.0,0.0,,0.0,,,,0.0,20163.09465143572,18489.604448194383,1616.0551504310856,0.0,57.43505281024,1470.4540183509123,18741.65677765179,4182.532051343358,0.0,6037.0,9532.0,72.0,0.0,11278.956253721017,4613.646085889337,54122.87342925921
spring_wind__A__hist,spring_wind,2020-03-12,A,history,hist,0.5,1.2511,0.5,1.1455,800.0,emergent,0.5,1.0,False,111807.97379718351,gurobi,0.0012021155737858,1871.5,17.7,673618.0908782387,673618.0920266818,573795.5537246376,107418.731274,0.0,-7596.192971954941,0.0,0.0,-9.313225746154783e-10,115087.28689521314,75961.92971954939,39125.35717566374,33.99624600698714,21.0,1.0,5.0,0.0,15.0,59.83823141605818,32.841165568866444,496.1586688248157,272.307997841851,14250.0,121,199,500.0,481.5130413762742,500.0,17,0.9630260827525484,12.777011142221497,21.41396477917607,8.636953636954571,22.828029679789505,12.523590819799654,0.0,0.0,0.0,0.0,0.0,,,0.0,0.0,0.0,,0.0,,,,0.0,15966.596356419865,13352.66929482155,2465.6394907055155,0.0,148.2875708928,2190.374801796648,13604.048100170112,6377.158593754462,174.18525427984775,6037.0,9532.0,184.0,0.0,14354.26362615975,6358.317257922722,53058.974033670274
spring_wind__A__native,spring_wind,2020-03-12,A,baseline,native,0.5,1.2511,0.5,1.1455,800.0,emergent,0.5,1.0,False,111807.97379535332,gurobi,0.000476145627413,7.7,1.1,671491.1941266186,671491.1941266194,622473.9208598832,56300.350044,0.0,-7283.076777263899,0.0,0.0,1.1641532182693479e-10,115087.28689521314,72830.76777263901,42256.51912257414,36.71693048168618,6.0,0.0,2.0,0.0,4.0,61.44818885109335,19.20262548115421,786.024749053569,245.63358427976428,19670.0,231,307,500.0,463.5808330959032,500.0,15,0.9271616661918064,7.628328414569836,14.377751814345814,6.7494233997759805,24.079341858324184,11.91388093711098,0.0,0.0,0.0,0.0,0.0,,,0.0,0.0,0.0,,0.0,,,,0.0,20543.614710243844,18808.3782923123,1709.6323470144237,0.0,25.60407091712,1630.366637010279,19019.40955246008,4431.796470254267,0.0,6037.0,9532.0,32.0,0.0,12910.816104157324,3516.550547767646,54773.03448370376
spring_wind__A__prevday,spring_wind_prev,2020-03-11,A,history,prevday,0.5,1.2511,0.5,1.1278,800.0,emergent,0.5,1.0,False,110985.11114140353,gurobi,3.427828746578708e-05,134.0,17.5,692645.0224547279,692645.022454728,643174.3063011802,56610.832044,0.0,-7140.115890452745,0.0,0.0,5.820766091346741e-10,112380.3536884068,71401.15890452743,40979.19478387935,36.46473199176876,12.0,0.0,2.0,0.0,10.0,60.45798533400801,17.678184878757946,828.7782156203598,242.3384510463069,19904.0,250,329,500.0,462.6780910159648,500.0,17,0.9253561820319296,7.755154639092484,14.409057673249658,6.653903034157175,23.01464486261848,9.541233293342527,0.0,0.0,0.0,0.0,0.0,,,0.0,0.0,0.0,,0.0,,,,0.0,21079.19428264063,19225.122334303644,1788.1549428509084,0.0,65.91700548608,2199.3825117423503,19334.420180728324,4657.70264438304,0.0,6073.799999999999,9532.0,80.0,0.0,13534.890529033555,6496.573409888322,49170.31245386321
spring_wind__A__vre30,spring_wind,2020-03-12,A,vre_share,vre30,0.3,0.7506,0.3,0.6873,800.0,emergent,0.5,1.0,False,111807.97379718351,gurobi,0.0002956841152171,11.2,1.8,977059.3544806398,977059.3544806404,898687.0750685586,84450.525066,0.0,-6078.245653918806,0.0,0.0,8.14907252788543e-10,69052.37213712788,60782.45653918806,8269.915597939826,11.976294719487676,9.0,0.0,3.0,0.0,6.0,56.99250729256525,31.59313100530709,892.8826142501889,494.9590524164777,17726.0,231,376,500.0,320.81587945879613,500.0,5,0.6416317589175923,16.275717635885517,16.709114166340868,0.4333965304553485,22.973909447966065,8.961687773539103,0.0,0.0,0.0,0.0,0.0,,,0.0,0.0,0.0,,0.0,,,,0.0,31689.19612536176,29423.706862149364,2214.281121378151,0.0,51.20814183424,1314.2248810779884,29423.59464528888,5981.422612706583,0.0,6037.0,9572.0,64.0,0.0,10347.407714648309,4781.892953175245,44338.93099028651
spring_wind__A__vre70,spring_wind,2020-03-12,A,vre_share,vre70,0.7,1.7515,0.7,1.6036,800.0,emergent,0.5,1.0,False,111807.97379718351,gurobi,0.0004720918285419,15.3,1.8,634577.8866910952,634577.8866910946,585685.4647521119,56352.097044,0.0,-7459.675105017106,0.0,0.0,-2.3283064365386963e-10,161122.20165329837,74596.75105017105,86525.45060312732,53.70175538521512,7.0,0.0,2.0,0.0,5.0,60.60525750995856,17.16074249004144,757.5657188744821,214.509281125518,20144.0,236,300,500.0,471.3499494090136,500.0,16,0.9426998988180272,8.131177286403448,15.068659274978172,6.937481988574722,23.251150497036463,11.167607292166846,0.0,0.0,0.0,0.0,0.0,,,0.0,0.0,0.0,,0.0,,,,0.0,18949.61858169609,17284.572513357758,1607.6110155280935,0.0,57.43505281024,1650.060489110028,17466.157739292346,4206.438856597827,0.0,6037.0,9519.626151122258,72.0,0.0,13789.119039873152,4107.921795762769,55049.6497254251
spring_wind__A__w05,spring_wind,2020-03-12,A,window_scale,w05,0.5,1.2511,0.5,1.1455,800.0,emergent,0.5,0.5,False,110223.40384372488,gurobi,0.0003049282251869,28.6,5.3,664070.0549742287,664070.0549742284,614888.850759186,56352.097044,0.0,-7170.892828957741,0.0,0.0,1.1641532182693479e-10,115087.28689521314,71708.92828957741,43378.35860563574,37.69170320708984,7.0,0.0,2.0,0.0,5.0,60.34075656315343,21.0318461765726,734.1458715183667,255.88746181496663,18582.0,212,292,500.0,472.7199024788158,500.0,13,0.9454398049576316,8.034230265206299,13.958598158291172,5.924367893084871,23.01464486261848,11.989616163788028,0.0,0.0,0.0,0.0,0.0,,,0.0,0.0,0.0,,0.0,,,,0.0,20222.279995621942,18540.205443386247,1624.63949942546,0.0,57.43505281024,1478.227868214377,18753.941115680063,4203.357967879134,0.0,6037.0,9532.0,72.0,0.0,11099.772561840364,4132.993144550566,54997.9347149721
spring_wind__A__w20,spring_wind,2020-03-12,A,window_scale,w20,0.5,1.2511,0.5,1.1455,800.0,emergent,0.5,2.0,False,111721.49703299702,gurobi,0.0004977069101934,100.6,5.9,684360.5078649553,684360.5097613591,635236.9447075909,56352.097044,0.0,-7228.531990232885,0.0,0.0,1.164153218269348e-09,115087.28689521314,72285.31990232885,42801.96699288429,37.19087324723837,7.0,0.0,2.0,0.0,5.0,58.55809314260341,20.23174812723786,768.5749724966698,265.5416941699969,19062.0,228,315,500.0,468.69940979436177,500.0,16,0.9373988195887236,8.779577934494895,14.01591436149152,5.236336426996627,23.01464486261848,8.366739603365515,0.0,0.0,0.0,0.0,0.0,,,0.0,0.0,0.0,,0.0,,,,0.0,21128.51460355296,19441.762029673573,1629.317521069148,0.0,57.43505281024,1908.5067997417152,19663.91428069744,4215.086379382491,0.0,6037.0,9532.0,72.0,0.0,12108.947242928423,2909.7097591012416,55358.15610055746
spring_wind__B__base,spring_wind,2020-03-12,B,base,base,0.5,1.2511,0.5,1.1455,800.0,emergent,0.5,1.0,False,111807.97379718351,gurobi,0.0004957099322624,15.5,2.0,611280.1437628858,611280.1437628847,587016.9134460026,28357.163022,0.0,-7450.089245780826,0.0,3356.1565406627587,1.1641532182693479e-10,115087.28689521314,74500.89245780825,40586.39443740489,35.26574961694836,7.0,0.0,1.0,0.0,6.0,57.97411414150086,20.386563824600834,712.5984863226148,250.58484701071865,18468.0,215,295,500.0,449.6744058604897,500.0,16,0.8993488117209794,11.415480832329644,16.808380555757605,5.392899723427959,22.451744767500003,9.40000806508272,10.625000000000002,170.00000000000003,0.9631433921849352,1.1344544457292889,1678.0782703313794,,,0.0,0.0,0.0,,0.0,,,,0.0,20082.79894599165,18919.285808484816,1086.4132385653984,0.0,77.09989894144,1597.7851467037835,19132.036328257247,2890.0,0.0,6037.0,9532.0,96.0,0.0,12439.988279287056,4458.006519115772,56005.11251270164
spring_wind__B__dedicated,spring_wind,2020-03-12,B,vpl_mode,dedicated,0.5,1.2511,0.5,1.1455,800.0,dedicated,0.5,1.0,False,111807.97379718351,gurobi,0.0001323221194289,13.9,2.0,650736.0199470065,650736.0199470054,622390.0568053533,34177.63845,0.0,-7327.955400551334,0.0,1496.2800922033744,1.1641532182693479e-10,115087.28689521314,73279.55400551333,41807.73288969981,36.32697756422541,11.0,0.0,2.0,0.0,9.0,55.22126369601279,19.316773113803155,750.0888318708404,262.3861681291596,17976.0,237,326,500.0,461.61496293683336,500.0,17,0.9232299258736668,14.198928536747658,20.002438888188312,5.803510351440655,23.01464486261848,7.972111594413665,1.5582401868705045,26.49008317679857,0.0,0.935175057627109,748.1400461016872,14.0,0.0,0.0,0.0,0.0,,0.0,,,,0.0,20979.946824918723,19566.656690102933,1295.701960781875,0.0,117.58817403392,2190.374801796648,19788.760917055988,3160.3228689651214,78.18424907871874,6037.0,9536.0,144.0,0.0,12560.023665618704,5965.740483293827,52563.41505480415
spring_wind__B__explicit,spring_wind,2020-03-12,B,vpl_mode,explicit,0.5,1.2511,0.5,1.1455,800.0,explicit,0.5,1.0,False,111807.97379718351,gurobi,0.0004986919068729,99.2,3.0,636185.4312394784,636185.431239478,584392.1479150621,56403.844044,0.0,-7490.993248375757,0.0,2880.432528791809,-2.3283064365386963e-10,115087.28689521314,74909.93248375757,40177.35441145557,34.91033240538289,8.0,0.0,2.0,0.0,6.0,62.67699346165335,23.74514092569842,660.7199727415958,250.3133605917375,17448.0,177,253,500.0,468.3456698018651,500.0,17,0.9366913396037302,8.128775346223327,15.668721519416792,7.539946173193464,22.827715355713288,11.539444198429903,7.151610242847181,121.57737412840208,0.6658158847655917,1.1344544457292889,1440.2162643959043,8.0,14.0,0.0,0.0,0.0,,0.0,,,,0.0,18812.265281306485,17141.694763954307,1593.470618410744,0.0,77.09989894144,2058.1377497876806,17390.59999611682,4172.920658084882,0.0,6037.0,9532.0,96.0,0.0,11914.472414900803,3902.77899217932,57034.54332688977
spring_wind__B__f02,spring_wind,2020-03-12,B,dc_flex,f02,0.5,1.2511,0.5,1.1455,800.0,emergent,0.2,1.0,False,113646.58580752116,gurobi,0.0004617717868599,129.3,4.2,634987.8473220645,634987.847322064,610718.5526792139,28408.910022,0.0,-7550.641009965099,0.0,3411.0256308153366,-1.1641532182693479e-10,115087.28689521314,75506.41009965098,39580.87679556215,34.39204960283798,8.0,0.0,1.0,0.0,7.0,56.49972536541222,19.3197103712649,750.9755163152707,256.7911503513959,18994.0,239,319,500.0,474.4256588945418,500.0,15,0.9488513177890836,8.173471026915925,14.2646146813371,6.0911436544211774,22.451744767500003,9.537974303670715,12.268162956038427,184.0224443405764,0.9974365735302966,1.1344544457292889,1705.5128154076683,,,0.0,0.0,0.0,,0.0,,,,0.0,20937.54857674262,19689.722166844906,1163.868199916277,0.0,83.95820998144,2072.5342225581808,19919.649045902457,2941.338562531044,0.0,6037.0,9532.0,104.0,0.0,11687.856863550242,5702.8368457965535,56043.18216774602
spring_wind__B__f08,spring_wind,2020-03-12,B,dc_flex,f08,0.5,1.2511,0.5,1.1455,800.0,emergent,0.8,1.0,False,109969.36178615998,gurobi,0.000390962134779,39.2,5.5,588156.0792460024,588156.0792460014,563814.6862778616,28408.910022,0.0,-7362.134049674218,0.0,3294.616995814502,-3.4924596548080444e-10,115087.28689521314,73621.34049674217,41465.94639847097,36.0299973325687,8.0,0.0,1.0,0.0,7.0,59.87953388022045,21.299063905757404,676.1397367308226,240.50192993584403,17778.0,196,271,500.0,445.6289594753048,500.0,15,0.8912579189506096,9.628311082804965,15.061133777635012,5.432822694830048,22.451744767500003,10.026675269421569,11.333333333333336,170.00000000000003,0.9246811766547748,1.1344544457292889,1647.308497907251,,,0.0,0.0,0.0,,0.0,,,,0.0,19071.427266762614,17914.198809708898,1086.4132385653984,0.0,70.81521848832,2190.374801796648,18168.046318460256,2890.0,0.0,6037.0,9532.0,88.0,0.0,10481.562361141656,5302.022141033093,55647.38119277078
spring_wind__B__hist,spring_wind,2020-03-12,B,history,hist,0.5,1.2511,0.5,1.1455,800.0,emergent,0.5,1.0,False,111807.97379718351,gurobi,0.0003519336917256,61.6,3.7,593013.974983636,593013.9749836387,524061.0769862406,73344.586824,0.0,-7782.712585752811,0.0,3391.023759152341,-1.3969838619232178e-09,115087.28689521314,77827.12585752811,37260.16103768504,32.375566444285354,12.0,1.0,3.0,0.0,8.0,59.39613748775975,34.520346028723765,450.420709282178,261.77929071782194,14238.0,109,182,500.0,495.21681297641,500.0,23,0.99043362595282,16.14579605533801,29.55223946465888,13.406443409320872,47.72494069918096,13.945788783927288,33.59019839172455,772.5745630096646,0.9817171999788434,1.1376726494913698,1695.5118795761705,,,0.0,0.0,0.0,,0.0,,,,0.0,15510.926793568697,13611.125564553047,1802.225679171166,0.0,97.57554984448,2184.0501364241763,13917.831345353596,4565.708222357354,192.280534005483,6037.0,9524.882875511292,120.0,0.0,14767.49320375959,7016.763417219776,53858.819100124565
spring_wind__B__native,spring_wind,2020-03-12,B,baseline,native,0.5,1.2511,0.5,1.1455,800.0,emergent,0.5,1.0,False,111807.97379535332,gurobi,0.0004724821448045,33.9,1.2,597392.3801535345,597392.3804531385,573256.4152683013,28357.163022,0.0,-7511.4520634956925,0.0,3290.2542263337245,-8.14907252788543e-10,115087.28689521314,75114.52063495693,39972.76626025621,34.73256459390808,7.0,0.0,1.0,0.0,6.0,60.155552841275735,19.417269458375845,719.3601527269221,232.1981806064111,18568.0,218,287,500.0,487.2898213420357,500.0,18,0.9745796426840716,5.902862559249152,13.16968804022047,7.266825480971318,22.451744767500003,9.515738862290696,18.55002493744147,333.90044887394646,0.921954445729289,1.1344544457292889,1645.1271131668625,,,0.0,0.0,0.0,,0.0,,,,0.0,19474.3899093942,18280.066835375303,1143.114932184659,0.0,51.20814183424,2125.7784454059647,18538.756334553866,2890.0,0.0,6037.0,9532.0,64.0,0.0,12540.052401035366,4582.86691321672,55865.82287529887
spring_wind__B__reson,spring_wind,2020-03-12,B,reserve_from_flex,reson,0.5,1.2511,0.5,1.1455,800.0,emergent,0.5,1.0,True,111807.97379718351,gurobi,0.000493150029335,34.1,5.1,610529.28585708,610529.2858616456,586267.2700070973,28357.163022,0.0,-7451.30370811448,0.0,3356.1565406627565,0.0,115087.28689521314,74513.03708114481,40574.24981406833,35.25519708446264,7.0,0.0,1.0,0.0,6.0,56.60448046260037,21.45168392096128,688.6878456283044,260.9954877050289,18114.0,210,292,500.0,446.40983873766646,500.0,14,0.892819677475333,9.082433349509452,13.845881304881535,4.763447955372084,22.451744767500003,10.742866360094537,12.142857142857142,170.0,0.9631433921849342,1.1344544457292889,1678.0782703313782,,,0.0,0.0,0.0,,0.0,,,,0.0,20186.779401872274,19083.8873761243,1025.7921268065345,0.0,77.09989894144,2152.2079989128792,19289.89170492069,2720.0,0.0,6037.0,9532.0,96.0,0.0,12020.518344328251,4700.85930536171,55639.45143254196
spring_wind__B__soc50,spring_wind,2020-03-12,B,soc_initial,soc50,0.5,1.2511,0.5,1.1455,800.0,emergent,0.5,1.0,False,111807.97379718351,gurobi,0.0004947554275027,10.1,1.0,626086.4958094334,626086.4958094335,601900.1124238232,28201.922022,0.0,-7384.3175841967295,0.0,3368.778947806874,1.1641532182693479e-10,115087.28689521314,73843.17584196727,41244.11105324586,35.83724333583308,4.0,0.0,1.0,0.0,3.0,58.41064956579856,18.999574076373968,761.7722214206228,247.78611191271048,19228.0,234,313,500.0,483.2295246008211,500.0,19,0.9664590492016422,9.682003735616396,15.535288113529797,5.853284377913403,21.25681192,7.479080987703183,38.88325148903766,738.7817782917156,0.6269970658938913,1.4784897764854048,1684.389473903437,,,0.0,0.0,0.0,,0.0,,,,0.0,20683.29124840429,19425.93323495232,1225.650698881734,0.0,31.70731457024,1908.4301178717,19642.69317094722,3094.1735149578344,0.0,6037.0,9532.0,40.0,0.0,11481.97903517059,3657.677844944917,56795.08884398008
spring_wind__B__vpl100,spring_wind,2020-03-12,B,vpl_size,vpl100,0.5,1.2511,0.5,1.1455,400.0,emergent,0.5,1.0,False,111807.97379718351,gurobi,0.0003978907177606,24.1,3.9,647738.9163081374,647738.9163081376,619145.8866334715,34229.385449999994,0.0,-7343.682006485201,0.0,1707.3262311516885,-3.4924596548080444e-10,115087.28689521314,73436.820064852,41650.466830361125,36.19032818827664,12.0,0.0,2.0,0.0,10.0,55.33980461992727,19.014183110134088,751.6990127540121,258.27598724598806,18594.0,241,326,500.0,466.82006887796825,500.0,16,0.9336401377559364,10.00482429279735,15.520998035856149,5.516173743058796,22.632931200269443,9.1432820762174,9.116936481358222,145.87098370173155,0.9997033432103214,1.1344544457292889,853.6631155758441,,,0.0,0.0,0.0,,0.0,,,,0.0,20912.796354037244,19534.37460917177,1260.3043559733178,0.0,118.11738889216,1650.022611640658,19753.16047076073,3030.2853298455057,109.17789329747814,6037.0,9532.0,144.0,0.0,11540.173972526602,6036.894663761856,54209.7288169229
spring_wind__B__vpl100_f02,spring_wind,2020-03-12,B,vpl_x_fd,vpl100_f02,0.5,1.2511,0.5,1.1455,400.0,emergent,0.2,1.0,False,113646.58580752116,gurobi,0.0004594166055362,30.7,1.4,671291.8587636512,671291.8587636502,620625.5535478623,56403.844044,0.0,-7506.694102391926,0.0,1769.1552741797684,0.0,115087.28689521314,75066.94102391927,40020.34587129389,34.77390678931581,8.0,0.0,2.0,0.0,6.0,59.78477615526991,22.880012577124457,707.4531845040273,270.7468154959727,17980.0,202,284,500.0,475.9811680286235,500.0,15,0.9519623360572468,8.258501395148324,14.510831976545484,6.252330581397163,22.4517447675,11.400105230231729,5.666666666666668,85.00000000000001,1.0769896469954217,1.1344544457292889,884.5776370898842,,,0.0,0.0,0.0,,0.0,,,,0.0,20199.572488476948,18421.04174866396,1701.4308408715556,0.0,77.09989894144,2063.206989182897,18713.98832711272,4441.935244790626,0.0,6037.0,9532.0,96.0,0.0,11948.432172685829,3752.8946649792138,57302.40719707132
spring_wind__B__vpl100_f08,spring_wind,2020-03-12,B,vpl_x_fd,vpl100_f08,0.5,1.2511,0.5,1.1455,400.0,emergent,0.8,1.0,False,109969.36178615998,gurobi,0.0004920374732116,59.4,3.0,624718.6694151397,624718.6694151396,601782.4649887326,28512.404021999995,0.0,-7221.326708760132,0.0,1645.127113166862,2.3283064365386963e-10,115087.28689521314,72213.26708760133,42874.01980761181,37.25348034891861,10.0,0.0,1.0,0.0,9.0,57.2470956029417,17.99867242213668,760.9093123891001,239.2323542775667,19182.0,244,319,500.0,471.67637973741785,500.0,15,0.9433527594748355,6.770396727706342,12.59505072636867,5.824653998662328,22.82802967978951,9.22684688102621,9.366059067890008,140.49088601835012,0.9219544457292888,1.1344544457292889,822.563556583431,,,0.0,0.0,0.0,,0.0,,,,0.0,20433.39665763551,19178.92336538173,1143.114932184659,0.0,111.35836006912,1973.756988047548,19397.5765026616,2890.0,0.0,6037.0,9532.0,136.0,0.0,10990.6727041611,3158.699806434172,56090.1375889585
spring_wind__B__vpl400,spring_wind,2020-03-12,B,vpl_size,vpl400,0.5,1.2511,0.5,1.1455,1600.0,emergent,0.5,1.0,False,111807.97379718351,gurobi,0.0,25.4,4.2,546303.9948098803,546303.9948098788,541631.3562313397,5665.234428000001,0.0,-7629.079405156701,0.0,6636.483555697232,-1.629814505577087e-09,115087.28689521314,76290.79405156702,38796.49284364613,33.71049391317244,1.0,0.0,1.0,0.0,0.0,59.61778572632091,16.162542142531542,757.6426936053282,205.39897306133835,18494.0,235,305,500.0,467.9932595690707,500.0,17,0.9359865191381412,8.3107748342236,14.29530403924958,5.984529205025981,22.451744767500003,8.603343935951852,22.55541631901725,383.4420774232933,0.939446665426096,1.1344544457292889,3318.241777848616,,,0.0,0.0,0.0,,0.0,,,,0.0,19309.613177094736,18598.79937032142,710.8138067733175,0.0,0.0,2190.374801796648,18829.575353472123,1700.0,88.0,6037.0,9532.0,0.0,0.0,12956.94509346032,6174.422662365716,54969.05149394434
spring_wind__B__vpl400_f02,spring_wind,2020-03-12,B,vpl_x_fd,vpl400_f02,0.5,1.2511,0.5,1.1455,1600.0,emergent,0.2,1.0,False,113646.58580752116,gurobi,0.0004472813901458,20.9,2.6,570066.249386598,570066.2493865979,565417.950338065,5665.234428000001,0.0,-7716.469176556593,0.0,6699.533797089791,-4.656612873077393e-10,115087.28689521314,77164.69176556592,37922.59512964723,32.95115920507859,1.0,0.0,1.0,0.0,0.0,57.78392870019528,15.90814447053643,789.7136922360022,217.41130776399788,19146.0,252,328,500.0,453.247019565695,500.0,14,0.90649403913139,9.376011767928404,15.08154766104468,5.705535893116277,22.330108976152363,10.53908521794506,24.83991967202588,347.7588754083624,0.9591498658612708,1.1344544457292889,3349.7668985448954,,,0.0,0.0,0.0,,0.0,,,,0.0,20381.4138226759,19670.600015902583,710.8138067733175,0.0,0.0,2137.376509981094,19807.871386335948,1700.0,88.0,6037.0,9532.0,0.0,0.0,12819.335731927124,6199.706717576557,56008.272806081135
spring_wind__B__vpl400_f08,spring_wind,2020-03-12,B,vpl_x_fd,vpl400_f08,0.5,1.2511,0.5,1.1455,1600.0,emergent,0.8,1.0,False,109969.36178615998,gurobi,5.719563397370502e-06,17.9,2.9,524382.901583072,524382.9015830698,525313.9461481691,0.0,0.0,-7511.553017765227,0.0,6580.508452667448,-1.513399183750152e-09,115087.28689521314,75115.53017765227,39971.75671756087,34.731687396502025,0.0,0.0,0.0,0.0,0.0,61.25154435891555,14.985913835064371,763.0921568048229,186.6995098618437,18856.0,235,299,500.0,489.20053348418486,500.0,20,0.9784010669683696,6.887732677018911,12.474559033216508,5.586826356197599,22.451744767500003,6.541755561962648,19.315895054503013,386.3179010900603,0.9219544457292888,1.1344544457292889,3290.254226333724,,,0.0,0.0,0.0,,0.0,,,,0.0,18685.14500997913,18023.07955372578,662.0654562533496,0.0,0.0,2190.374801796648,18256.78823668425,1700.0,0.0,6037.0,9532.0,0.0,0.0,12301.525814332308,4772.150750385936,55851.47881113738
spring_wind__B__vpl650,spring_wind,2020-03-12,B,vpl_size,vpl650,0.5,1.2511,0.5,1.1455,2600.0,emergent,0.5,1.0,False,111807.97379718351,gurobi,0.0002838183840495,19.2,4.7,507235.2358997706,507235.2358997719,506307.3761458525,0.0,0.0,-7800.520974296282,0.0,8728.380728216605,-9.89530235528946e-10,115087.28689521314,78005.20974296282,37082.07715225032,32.2208283405043,0.0,0.0,0.0,0.0,0.0,64.02147963482423,17.65544344209885,693.5660293772626,191.2673039560709,17408.0,191,260,500.0,485.87662416589154,500.0,21,0.9717532483317832,19.25330996702177,20.7490679417748,1.4957579747530307,3.971035592873168,1.6207042298461023,62.85524855016351,1319.9602195534335,0.7967673349933714,0.881767420432899,4364.190364108303,,,0.0,0.0,0.0,,0.0,,,,0.0,17828.72757134268,17166.66211508933,662.0654562533496,0.0,0.0,2190.374801796648,17356.4152949457,1700.0,0.0,6037.0,9532.0,0.0,0.0,14190.85115284249,7194.353683463709,54429.63010485997
spring_wind__B__vpldown,spring_wind,2020-03-12,B,vpl_decomp,vpldown,0.5,1.2511,0.5,1.1455,800.0,emergent,0.5,1.0,False,111807.97379718351,gurobi,0.0003810021140175,9.1,1.3,647462.2088895602,647462.2088895608,618816.5544340605,34177.63845,0.0,-7347.1111076668385,0.0,1815.1271131668625,3.4924596548080444e-10,115087.28689521314,73471.11107666839,41616.175818544754,36.16053253252572,11.0,0.0,2.0,0.0,9.0,55.72256280792001,18.81547400189594,756.8981448075801,255.57685519241983,18652.0,240,326,500.0,479.8830123297223,500.0,18,0.9597660246594446,14.318177519545117,19.27748126100605,4.959303741460932,23.01464486261848,7.529216505835109,10.328532981030143,185.91359365854265,0.0,1.1344544457292889,907.5635565834313,,,0.0,0.0,0.0,,0.0,,,,0.0,20818.54832867444,19404.44826720454,1296.511887435977,0.0,117.58817403392,2190.374801796648,19627.681707274383,3161.039309531256,79.12350781243921,6037.0,9532.0,144.0,0.0,11220.258821220415,2757.606802792297,57302.87065085903
spring_wind__B__vplup,spring_wind,2020-03-12,B,vpl_decomp,vplup,0.5,1.2511,0.5,1.1455,800.0,emergent,0.5,1.0,False,111807.97379718351,gurobi,0.0004928573480102,13.6,1.3,651768.7100449823,651768.710044982,601323.2975587673,56248.603044,0.0,-7382.565666099215,0.0,1579.3751083140746,-1.1641532182693479e-10,115087.28689521314,73825.65666099216,41261.63023422098,35.8524658521055,5.0,0.0,2.0,0.0,3.0,58.42526164037946,20.277768662650843,723.0126127996958,250.9373872003042,18638.0,218,297,500.0,462.9669825695492,500.0,16,0.9259339651390984,7.790297789039862,13.780023003249214,5.989725214209353,22.451744767500003,9.12059853476085,0.0,0.0,0.9871094426962966,0.0,789.6875541570373,,,0.0,0.0,0.0,,0.0,,,,0.0,19848.66958413586,18235.471082015163,1581.4911875504586,0.0,31.70731457024,1953.2201467994528,18454.44165837989,4142.055634427408,0.0,6037.0,9532.0,40.0,0.0,10761.36610901446,4280.374280348424,56830.69612482982
spring_wind__B__vre30,spring_wind,2020-03-12,B,vre_share,vre30,0.3,0.7506,0.3,0.6873,800.0,emergent,0.5,1.0,False,111807.97379718351,gurobi,0.0004825662781181,9.1,2.0,898857.8828985381,898857.8828985385,872889.290486902,28564.151022,0.0,-6225.812836697666,0.0,3630.254226333725,4.656612873077393e-10,69052.37213712788,62258.128366976656,6794.243770151226,9.839261939704048,11.0,0.0,1.0,0.0,10.0,57.319505987978346,25.679051704329343,993.5381037916246,445.1035628750421,19178.0,278,416,500.0,316.0671232021548,500.0,4,0.632684527850433,16.090788738990437,15.679363137932532,-0.4114256010579078,21.25681192,5.314202979999999,0.0,0.0,1.1344544457292889,1.1344544457292889,1815.1271131668625,,,0.0,0.0,0.0,,0.0,,,,0.0,32759.585511286525,31549.907935125,1105.21062120473,0.0,104.4669549568,1314.2248810779884,31255.77194179694,2942.713567204071,0.0,6037.0,9568.0,128.0,0.0,10789.74593828032,4718.163405309399,45435.99414230895
spring_wind__B__vre70,spring_wind,2020-03-12,B,vre_share,vre70,0.7,1.7515,0.7,1.6036,800.0,emergent,0.5,1.0,False,111807.97379718351,gurobi,0.0004989759794884,50.8,3.3,550933.1420791233,550933.142079122,527000.9876379922,28357.163022,0.0,-7715.262807202898,0.0,3290.2542263337245,-1.0477378964424131e-09,161122.20165329837,77152.62807202898,83969.57358126939,52.11545815514272,7.0,0.0,1.0,0.0,6.0,65.86965678420532,18.63994321579467,686.1422581688054,194.16607516452785,18164.0,193,250,500.0,474.3935905238764,500.0,12,0.9487871810477528,7.03867948864806,12.40308920609968,5.364409717451619,22.677236806400536,11.025234884480744,17.55607391261112,210.67288695133345,0.921954445729289,1.1344544457292889,1645.1271131668625,,,0.0,0.0,0.0,,0.0,,,,0.0,17416.695630550777,16259.737441754338,1086.4132385653984,0.0,70.54495023104,2624.912543223049,16497.08241986621,2890.0,0.0,6037.0,9524.903384082456,88.0,0.0,13301.177943701718,2584.16185492294,58642.37573018127
spring_wind__B__w05,spring_wind,2020-03-12,B,window_scale,w05,0.5,1.2511,0.5,1.1455,800.0,emergent,0.5,0.5,False,110223.40384372488,gurobi,0.0004868609299515,40.5,5.3,590915.6918979104,590915.6920357201,566754.0232770676,28201.922022,0.0,-7355.949351328179,0.0,3315.696087981179,-4.656612873077393e-10,115087.28689521314,73559.49351328178,41527.79338193136,36.08373652925051,4.0,0.0,1.0,0.0,3.0,60.14496418333588,19.46270132189061,719.2335300257249,232.7414699742752,18254.0,211,287,500.0,439.4933374550072,500.0,14,0.8789866749100144,9.877382998846944,15.293525215192416,5.416142216345471,22.451744767500003,10.742866360094538,12.142857142857142,170.0,0.9378556092589482,1.1344544457292889,1657.8480439905895,,,0.0,0.0,0.0,,0.0,,,,0.0,19544.21180471069,18482.147098534315,1030.3573916061384,0.0,31.70731457024,1760.3483555130522,18693.11258439787,2732.8023883662813,0.0,6037.0,9529.880306618452,40.0,0.0,11541.197002450022,4094.101297542777,56163.846857775934
spring_wind__B__w20,spring_wind,2020-03-12,B,window_scale,w20,0.5,1.2511,0.5,1.1455,800.0,emergent,0.5,2.0,False,111721.49703299702,gurobi,0.0004534771068063,25.6,5.4,610334.3421655693,610334.3421655691,586076.7515617415,28357.163022,0.0,-7442.221714757978,0.0,3342.649296585419,1.1641532182693479e-10,115087.28689521314,74422.21714757978,40665.06974763338,35.334111042741746,7.0,0.0,1.0,0.0,6.0,58.07289058482806,20.62472033667365,708.9732058897758,251.7934607768908,18118.0,212,293,500.0,455.3157608844838,500.0,16,0.9106315217689676,10.48389828774748,15.832853350303852,5.348955062556371,22.451744767500003,9.40000806508272,10.625000000000002,170.00000000000003,0.954701364636598,1.1344544457292889,1671.3246482927095,,,0.0,0.0,0.0,,0.0,,,,0.0,20066.73180498035,18905.694901234805,1090.4919535145057,0.0,70.54495023104,1815.8266683029144,19119.60510376084,2901.437954884535,0.0,6037.0,9532.0,88.0,0.0,12315.852879201911,5090.700382762963,55199.83721731198
spring_wind__C__base,spring_wind,2020-03-12,C,base,base,0.5,1.2511,0.5,1.1455,800.0,emergent,0.5,1.0,False,107672.32714506,gurobi,0.0001998433472238,6.7,1.3,660215.8831357423,660215.8831357427,604203.7015296601,56145.109044,0.0,-7351.873853538575,7218.946415620219,0.0,8.14907252788543e-10,115087.28689521314,73518.73853538575,41568.548359827386,36.11914876199619,3.0,0.0,2.0,0.0,1.0,63.306791083139046,20.37671768879078,751.7681441122762,241.9735225543905,18826.0,210,285,500.0,465.0210380886666,500.0,15,0.9300420761773334,10.55230737026335,16.802276635774618,6.249969265511269,23.01464486261848,11.203438017767285,0.0,0.0,0.0,0.0,0.0,,,3181.2666554796224,4135.64665212351,453.9892223466878,14.270706341598464,1614.395781927231,50.74694946261389,3.4260700150825127,1.0,1.4210854715202004e-14,19930.88464040223,18261.624000272623,1662.869710286409,0.0,6.3909298432,1687.503183571395,18467.34960195674,4326.014939348633,0.0,6037.0,9532.0,8.0,0.0,12303.10169543347,3865.040704299023,55663.09295208187
spring_wind__C__f02,spring_wind,2020-03-12,C,dc_flex,f02,0.5,1.2511,0.5,1.1455,800.0,emergent,0.2,1.0,False,111992.32714506,gurobi,3.338355019559208e-16,5.2,1.1,697441.2316537031,697441.2316537033,645433.0876857226,56403.844044,0.0,-7384.774502191579,2989.074426172165,0.0,0.0,115087.28689521314,73847.74502191579,41239.54187329736,35.83327314931485,8.0,0.0,2.0,0.0,6.0,58.2640226867756,20.54666913712377,771.9983005997768,272.24336606689,18704.0,230,318,500.0,450.27917486521005,500.0,11,0.9005583497304201,12.136804737255156,16.61842500914847,4.481620271893313,22.82802967978951,10.99853796914611,0.0,0.0,0.0,0.0,0.0,,,1272.506663431658,1654.2586624611558,188.77137226717028,14.834607762139122,625.8349865007542,49.18127381848211,3.422884670740993,1.0,0.0,21307.52207260591,19507.10745623572,1736.424614849552,0.0,63.99000152064,1593.9042240425863,19732.160467292488,4503.680318312873,0.0,6037.0,9536.0,80.0,0.0,11602.114575525084,3464.20431432296,57187.52190802516
spring_wind__C__f08,spring_wind,2020-03-12,C,dc_flex,f08,0.5,1.2511,0.5,1.1455,800.0,emergent,0.8,1.0,False,103352.32714506,gurobi,0.0004840567816541,6.6,1.2,624600.3035278304,624600.3035278302,583965.7686500497,28408.910022,0.0,-7273.110454318597,19498.73531010004,0.0,-9.313225746154783e-10,115087.28689521314,72731.10454318598,42356.18235202718,36.80352843020136,8.0,0.0,1.0,0.0,7.0,59.8493761870347,16.597418684760175,778.0418904314511,215.76644290188224,18948.0,244,312,500.0,481.64401681695216,500.0,19,0.9632880336339044,12.883573319020156,19.1887036828212,6.305130363801041,23.01464486261849,8.404404002317824,0.0,0.0,0.0,0.0,0.0,,,5090.026646999981,6617.034641099974,1063.3842659034158,20.89152650173581,2369.9632689088226,46.560920664446016,3.0752246814778026,1.0,2.8421709430404014e-14,19761.357141813696,18517.447924141485,1166.539050473492,0.0,77.37016719872,1255.9326595329362,18715.32158907284,2947.9456005221623,0.0,6037.0,9533.127440050172,96.0,0.0,12251.474371191676,5851.560123014927,53372.137389446434
spring_wind__C__hist,spring_wind,2020-03-12,C,history,hist,0.5,1.2511,0.5,1.1455,800.0,emergent,0.5,1.0,False,107672.32714506,gurobi,0.0004008951509342,7.8,1.2,641109.7602383441,641109.7602383452,575064.4474696205,62483.054472,0.0,-7597.740787047499,11159.999083772776,0.0,-4.656612873077393e-10,115087.28689521314,75977.40787047498,39109.87902473815,33.98279695336606,17.0,0.0,3.0,0.0,14.0,70.80861159386374,33.256581776302,534.0149457703891,250.81005422961093,15270.0,114,181,500.0,484.3275532926064,500.0,18,0.9686551065852128,11.356906392013684,19.945523160634306,8.58861676862062,51.09980987585792,11.90699092095709,0.0,0.0,0.0,0.0,0.0,,,3181.266655479625,4135.646652123513,633.3102351041741,19.90748666143149,1464.8558809121553,46.04630920796879,3.202297650849731,1.0,0.0,15242.632389798042,12258.61714179626,2854.714965654264,0.0,129.30028234752,1310.6167131882848,12527.311392117004,7526.886951663416,139.24295773024255,6037.0,9532.0,160.0,0.0,12337.041302860594,6254.964470357498,56074.785384068615
spring_wind__C__mig05,spring_wind,2020-03-12,C,migration_cost,mig05,0.5,1.2511,0.5,1.1455,800.0,emergent,0.5,1.0,False,107672.32714506,gurobi,0.0004995279449631,9.3,1.4,654424.3146710075,654424.3146710052,597715.9479263403,56300.350044,0.0,-7398.596210591543,7806.612911257111,0.0,-5.820766091346741e-10,115087.28689521314,73985.96210591543,41101.32478929772,35.71317553668672,6.0,0.0,2.0,0.0,4.0,63.32243182576276,20.989568174237235,725.569531336865,240.50546866313505,18392.0,201,275,500.0,467.9109649457215,500.0,16,0.9358219298914427,9.487436247988866,15.664166522891104,6.176730274902237,22.828029679789505,10.06120572438044,0.0,0.0,0.0,0.0,0.0,,,3181.2666554796224,4135.646652123511,787.9913078911729,24.769734612906,1375.9047250548012,43.25021678660143,2.876686020323941,1.0,0.0,19388.723388489387,17662.387309339043,1681.8469048937038,0.0,44.48917425664,2178.002972072613,17902.408308422757,4375.7229394924825,0.0,6037.0,9532.0,56.0,0.0,12493.22591255463,3747.881073146158,55566.852148142025
spring_wind__C__mig20,spring_wind,2020-03-12,C,migration_cost,mig20,0.5,1.2511,0.5,1.1455,800.0,emergent,0.5,1.0,False,107672.32714506,gurobi,0.0004083622122888,8.2,1.6,663994.4897612999,663994.4897699474,613149.6976409334,56196.856044,0.0,-7315.298047857333,1963.234132869781,0.0,1.513399183750152e-09,115087.28689521314,73152.98047857334,41934.3064166398,36.43695802371373,4.0,0.0,2.0,0.0,2.0,62.16670343110344,20.49699519903355,756.3615584117584,249.38010825490824,19032.0,214,292,500.0,470.2618882777976,500.0,15,0.9405237765555952,10.614588455891544,16.899147625480808,6.284559169589262,24.079341858324188,11.297033461996003,0.0,0.0,0.0,0.0,0.0,,,3181.2666554796224,4135.646652123511,117.08801393516858,3.680546983808745,1604.5746561655203,50.43823199799035,3.3027564790529333,1.0,1.4210854715202004e-14,20280.30320529227,18596.116907237298,1671.5281056914544,0.0,12.65819236352,2130.278954463198,18806.75700747644,4344.365590641365,0.0,6037.0,9532.0,16.0,0.0,12121.497129091102,2913.9909662893024,55987.21342872973
spring_wind__C__reson,spring_wind,2020-03-12,C,reserve_from_flex,reson,0.5,1.2511,0.5,1.1455,800.0,emergent,0.5,1.0,True,107672.32714506,gurobi,0.0004959253646699,68.8,1.7,657762.8760117869,657762.8760117876,629034.7984435617,28564.151022,0.0,-7294.734516557749,7458.661062783716,0.0,0.0,115087.28689521314,72947.34516557748,42139.94172963566,36.61563572004616,11.0,0.0,1.0,0.0,10.0,55.29430856846125,17.607732247865282,790.2478266242588,251.643840042408,18876.0,260,343,500.0,475.9157504042896,500.0,17,0.9518315008085791,8.391943460377808,13.38403326003472,4.992089799656912,23.01464486261848,7.910740464436274,0.0,0.0,0.0,0.0,0.0,,,3181.266655479624,4135.646652123512,504.5778846517758,15.860911369459,1653.0097523141394,51.9607417839962,3.3680027437205617,1.0,2.8421709430404014e-14,21364.15516888444,20007.30088544718,1225.4876536618976,0.0,131.36662977536,1274.0604836670882,20117.68198048045,3093.7701805373367,0.0,6037.0,9536.0,160.0,0.0,11669.073426137686,4877.851487645408,55126.359768127295
spring_wind__C__vre30,spring_wind,2020-03-12,C,vre_share,vre30,0.3,0.7506,0.3,0.6873,800.0,emergent,0.5,1.0,False,107672.32714506,gurobi,0.0001677486830264,5.9,1.3,952582.7409886288,952582.74098863,897549.6058616748,56352.097044,0.0,-6067.437191380407,4748.47527433442,0.0,1.3969838619232178e-09,69052.37213712788,60674.37191380407,8378.000223323812,12.132820298608037,7.0,0.0,2.0,0.0,5.0,58.82077104708036,27.37236620782159,999.9531078003662,465.330225532967,19428.0,267,408,500.0,335.28754126057925,500.0,5,0.6705750825211585,19.920651610477577,19.506886065504787,-0.4137655449727899,20.139224087935347,4.027844817587069,0.0,0.0,0.0,0.0,0.0,,,3181.266655479624,4135.6466521235125,327.0196745690737,10.279543024341995,1705.9723406479525,53.62556885036572,3.4616349294063915,1.0,0.0,33129.409699797,31492.94323482782,1604.471464208857,0.0,31.99500076032,1314.2248810779884,31231.88228336414,4318.043129427069,0.0,6037.0,9568.0,40.0,0.0,9945.54751435964,4814.921222976154,44599.67829539029
spring_wind__C__vre70,spring_wind,2020-03-12,C,vre_share,vre70,0.7,1.7515,0.7,1.6036,800.0,emergent,0.5,1.0,False,107672.32714506,gurobi,0.0004687864764594,9.0,1.3,608561.2429106204,608561.2429106254,551160.4540749838,56455.591044,0.0,-7630.331941078938,8575.529732720977,0.0,-4.656612873077393e-10,161122.20165329837,76303.31941078938,84818.882242509,52.64257896935996,9.0,0.0,2.0,0.0,7.0,65.07337239521092,16.628883243886833,721.2298773802544,184.30345595307912,18746.0,213,266,500.0,439.4896084230928,500.0,11,0.8789792168461855,12.829180678301526,16.99862077306096,4.169440094759433,23.251150497036463,13.13892023876765,0.0,0.0,0.0,0.0,0.0,,,3181.2666554796224,4135.64665212351,539.3310977103893,16.95334456737256,1513.2410918905748,47.56725090253183,3.305178771235238,1.0,0.0,17025.19754756546,15227.300940952882,1720.5264394138608,0.0,77.37016719872,2569.869733919208,15413.486617026276,4507.205827391429,0.0,6037.0,9530.590498456191,96.0,0.0,13675.214125294471,4107.789981486916,55950.44557008878
spring_wind__C__w05,spring_wind,2020-03-12,C,window_scale,w05,0.5,1.2511,0.5,1.1455,800.0,emergent,0.5,0.5,False,107672.32714506,gurobi,0.0003335309298245,8.9,1.3,656592.9833690947,656592.9833672934,604232.0755352977,56196.856044,0.0,-7194.200501902968,3358.2522898977936,0.0,8.14907252788543e-10,115087.28689521314,71942.00501902966,43145.28187618346,37.48918150748241,4.0,0.0,2.0,0.0,2.0,63.21448151433423,20.08795751005601,755.939841442247,240.21849189108647,19206.0,213,287,500.0,482.2041443168456,500.0,18,0.9644082886336912,10.668237967720264,16.097746651269972,5.42950868354971,23.01464486261849,7.937325934419115,0.0,0.0,0.0,0.0,0.0,,,1962.3666912806664,2551.0766986648664,202.5112781064136,10.319747018038306,920.557860357873,46.91059344046983,1.7435980161380855,1.0,1.4210854715202004e-14,19894.034335661567,18216.69106131265,1664.685081985397,0.0,12.65819236352,1663.1513362137464,18459.27633190237,4321.967473483701,0.0,6037.0,9532.0,16.0,0.0,11259.89044052989,4518.415302181307,54500.54794010473
spring_wind__C__w20,spring_wind,2020-03-12,C,window_scale,w20,0.5,1.2511,0.5,1.1455,800.0,emergent,0.5,2.0,False,107672.32714506,gurobi,0.000448960773015,7.5,1.5,651608.8304173357,651608.8304173361,598674.9850819944,56093.362044,0.0,-7361.809340892033,4202.292632233331,0.0,3.4924596548080444e-10,115087.28689521314,73618.09340892032,41469.19348629282,36.03281874569732,2.0,0.0,2.0,0.0,0.0,62.83010709373399,20.450878821758987,743.4896006091853,242.00206605748133,18896.0,208,284,500.0,478.7324526622536,500.0,15,0.9574649053245072,9.911644613012353,16.016878684612603,6.10523407160025,23.01464486261848,11.076978560520248,0.0,0.0,0.0,0.0,0.0,,,3114.746067643854,4049.1698879370106,228.7476681610285,7.344023018032556,1703.7096321788813,54.698187113136015,3.9782992141484814,1.0,0.0,19903.04439277813,18322.290280845667,1580.754111932466,0.0,0.0,1806.2412630255544,18529.20792284304,4092.841662536517,0.0,6037.0,9532.0,0.0,0.0,11814.69825380933,2300.469034466344,57696.6848576191
spring_wind__D__base,spring_wind,2020-03-12,D,base,base,0.5,1.2511,0.5,1.1455,800.0,emergent,0.5,1.0,False,107672.32714506,gurobi,0.0004641224621585,7.2,1.2,586215.4816263657,586215.4816263644,553835.1413410848,28201.922022,0.0,-7571.903001719755,8460.067038666526,3290.2542263337245,-9.313225746154783e-10,115087.28689521314,75719.03001719754,39368.25687801559,34.207302943773755,4.0,0.0,1.0,0.0,3.0,62.28681301368208,20.763753024053777,687.7502270260729,229.2664396405937,17968.0,194,265,500.0,456.649484443176,500.0,16,0.913298968886352,12.299928578760596,18.552669893059605,6.252741314299012,22.4517447675,10.291740348627313,10.625000000000002,170.00000000000003,0.9219544457292888,1.1344544457292889,1645.1271131668625,,,3181.2666554796224,4135.64665212351,478.6667289660545,15.04641958075308,1468.5513406210794,46.16247236274741,3.287597094972194,1.0,1.4210854715202004e-14,18867.05491793061,17755.0376084481,1086.4132385653984,0.0,25.60407091712,1993.3124959640825,17960.39455137425,2890.0,0.0,6037.0,9532.0,32.0,0.0,12068.469237519344,5257.374931225755,56399.87335248837
spring_wind__D__dedicated,spring_wind,2020-03-12,D,vpl_mode,dedicated,0.5,1.2511,0.5,1.1455,800.0,dedicated,0.5,1.0,False,107672.32714506,gurobi,0.0002158133737579,13.7,2.4,623034.4991518435,623034.4991518426,591400.3324392543,28357.163022,0.0,-7426.208983918228,9084.973258639013,1618.239415867906,-4.656612873077393e-10,115087.28689521314,74262.08983918227,40825.19705603086,35.47324657431725,7.0,0.0,1.0,0.0,6.0,58.96764962107418,17.80606832764377,766.5794450739644,231.47888825936903,18250.0,235,312,500.0,460.3191948347164,500.0,17,0.9206383896694328,11.55508549244188,18.222079389240392,6.666993896798509,23.01464486261848,8.809980273700354,4.457530066411088,75.77801112898848,0.0,1.0113996349174412,809.119707933953,12.0,0.0,3181.2666554796224,4135.64665212351,514.0440423472826,16.158470760753723,1522.919466645196,47.87148112912885,3.211500542902321,1.0,1.4210854715202004e-14,20186.09909731197,18955.753975226125,1172.4583642183222,0.0,57.88675786752,1980.232091314438,19160.904767842472,2962.588550382384,0.0,6037.0,9540.0,72.0,0.0,11576.44488839875,2482.956898044283,58222.4559614248
spring_wind__D__explicit,spring_wind,2020-03-12,D,vpl_mode,explicit,0.5,1.2511,0.5,1.1455,800.0,explicit,0.5,1.0,False,107672.32714506,gurobi,0.0004886849939973,22.0,1.8,609969.8685124458,609969.8685124465,578420.8982934817,28408.910022,0.0,-7511.219019083891,7361.024989715243,3290.2542263337245,-1.1641532182693479e-10,115087.28689521314,75112.1901908389,39975.09670437424,34.73458953009426,8.0,0.0,1.0,0.0,7.0,60.86430818094208,15.789711111662427,788.6999935113744,204.6083398219589,19488.0,247,311,500.0,450.4474462113524,500.0,13,0.9008948924227048,17.479514134743376,20.01538184184423,2.535867707100853,17.775164504951306,8.942697755163822,23.6587351218024,307.56355658343114,0.921954445729289,1.1344544457292889,1645.1271131668625,9.0,14.0,3181.2666554796224,4135.64665212351,461.69220491186985,14.512842050402185,1530.0843844984254,48.09670330096057,3.3545929378240795,1.0,0.0,19206.62133426453,17819.2682317179,1316.537884058318,0.0,70.81521848832,2067.1855967982874,18031.78305939742,3364.8170963295925,0.0,6037.0,9532.0,88.0,0.0,12915.406655405,3109.12810317171,57020.4698354639
spring_wind__D__f02,spring_wind,2020-03-12,D,dc_flex,f02,0.5,1.2511,0.5,1.1455,800.0,emergent,0.2,1.0,False,111992.32714506,gurobi,0.0003716383711578,6.4,1.4,624308.5427546195,624308.5427546196,597363.5676952358,28253.669022,0.0,-7568.5847603823695,2889.954668639178,3369.936129126485,4.656612873077393e-10,115087.28689521314,75685.84760382368,39401.43929138945,34.236135332014925,5.0,0.0,1.0,0.0,4.0,57.91446952176727,19.33681252951477,752.8881037829747,251.37856288369207,18994.0,227,312,500.0,436.13771242126177,500.0,14,0.8722754248425235,11.138221811038012,15.802387741878084,4.66416593084007,22.451744767500003,10.450984811973068,12.142857142857144,170.00000000000003,0.9717556349747644,1.1344544457292889,1684.9680645632425,,,1272.5066634316586,1654.2586624611567,191.40143939674184,15.041291719492934,634.8608057555633,49.89056827753573,3.356659298203894,1.0,4.766843915149366e-07,20730.52109853429,19592.85240964872,1099.5086108106834,0.0,38.160078074880005,2041.5358851648568,19804.3621100972,2926.723399111415,0.0,6037.0,9532.0,48.0,0.0,12791.759056157329,4838.8262801292085,56013.726382372304
spring_wind__D__f08,spring_wind,2020-03-12,D,dc_flex,f08,0.5,1.2511,0.5,1.1455,800.0,emergent,0.8,1.0,False,103352.32714506,gurobi,0.0002509613169897,7.9,1.2,550015.6846063263,550015.6846063246,535345.3024287599,206.988,0.0,-7466.254716246591,18597.16895972559,3332.479934087529,-1.629814505577087e-09,115087.28689521314,74662.54716246591,40424.73973274724,35.12528692205067,4.0,0.0,0.0,0.0,4.0,59.95213406549741,14.671242557879207,769.3857205072168,188.28094615944983,18416.0,243,308,500.0,457.4302738973941,500.0,14,0.9148605477947882,15.47491248801846,20.47362017329425,4.998707685275794,22.451744767500003,10.04703430558972,13.650918134064446,191.11285387690225,0.9219544457292886,1.1608455130754167,1666.2399670437644,,,5090.026646999983,6617.034641099978,953.9789173425648,18.74212029724504,2416.362064534057,47.47248358627433,2.9760716884327,1.0,2.8421709430404014e-14,18859.63407230849,18146.688511955304,662.0654562533496,0.0,50.88010409984,2190.374801796648,18352.7427078268,1700.0,0.0,6037.0,9536.0,64.0,0.0,11371.339675695071,5432.540079014958,55668.29260595923
spring_wind__D__hist,spring_wind,2020-03-12,D,history,hist,0.5,1.2511,0.5,1.1455,800.0,emergent,0.5,1.0,False,107672.32714506,gurobi,0.0001581123003511,11.0,1.3,565508.2261751145,565508.2261751139,525159.9000934956,33970.65045,0.0,-7764.6788406719825,10873.30965436508,3269.0448179263303,-1.0477378964424131e-09,115087.28689521314,77646.78840671983,37440.49848849332,32.53226268387303,7.0,0.0,2.0,0.0,5.0,74.88371956235737,33.639916801278986,514.825571991207,231.27442800879305,15474.0,104,165,500.0,464.58705617291935,500.0,16,0.9291741123458388,13.951682157254254,21.28072483918611,7.329042681931857,26.99036696470588,12.655358973264772,9.96220598726893,159.3952957963029,0.9219544457292888,1.1211985654746677,1634.5224089631652,,,3181.266655479628,4135.646652123516,584.9510729195597,18.3873637851766,1459.2912180735234,45.87138948443514,3.1213348374212737,1.0,0.0,14708.334759464571,12370.369670601927,2286.756947028405,0.0,51.20814183424,2039.702736434672,12644.49429603533,6076.091976175703,176.0,6037.0,9532.0,64.0,0.0,12846.677694002508,4650.38218086308,58110.02579541957
spring_wind__D__mig05,spring_wind,2020-03-12,D,migration_cost,mig05,0.5,1.2511,0.5,1.1455,800.0,emergent,0.5,1.0,False,107672.32714506,gurobi,0.0004487935070504,9.9,1.4,580343.0788686614,580343.0788686617,548866.7752081921,28150.175022,0.0,-7589.731605787774,7581.769369371286,3334.090874886965,-8.14907252788543e-10,115087.28689521314,75897.31605787773,39189.9708373354,34.05238918614688,3.0,0.0,1.0,0.0,2.0,62.87684825313681,20.67811357892427,686.4055934300768,225.73607323659,17890.0,191,262,500.0,463.2422469745041,500.0,16,0.9264844939490082,15.267507216010404,21.028806442029097,5.761299226018693,22.451744767500003,9.66812708892816,10.625,170.0,0.9493523510750644,1.1344544457292889,1667.0454374434826,,,3181.2666554796224,4135.646652123511,735.290950130385,23.11315050764046,1381.3107906476475,43.4201511611228,2.8763821077264327,1.0,0.0,18710.732216814744,17611.16466509991,1086.4132385653984,0.0,13.15431314944,2144.949894378502,17813.665757678158,2890.0,0.0,6037.0,9532.0,16.0,0.0,12505.792080804027,5320.200215527823,55926.37386716738
spring_wind__D__mig20,spring_wind,2020-03-12,D,migration_cost,mig20,0.5,1.2511,0.5,1.1455,800.0,emergent,0.5,1.0,False,107672.32714506,gurobi,0.0003609371883956,12.2,1.5,589151.1661666179,589151.1661666177,563175.052667719,28253.669022,0.0,-7532.44933028222,1964.6395808477887,3290.2542263337245,-6.984919309616089e-10,115087.28689521314,75324.4933028222,39762.79359239094,34.55011814519089,5.0,0.0,1.0,0.0,4.0,60.6518990751676,22.131559571448943,672.2252147497742,245.29145191689244,17542.0,191,266,500.0,450.4172962473877,500.0,15,0.9008345924947752,13.417794371137342,19.91243631327468,6.494641942137343,22.451744767500003,11.635378632680307,11.333333333333334,170.0,0.9219544457292888,1.1344544457292889,1645.1271131668625,,,3181.266655479623,4135.64665212351,112.9361612264612,3.550037562300304,1506.1484063488608,47.34429928263234,3.277002029665982,1.0,0.0,19243.302438023507,18120.213155471138,1091.3201343206938,0.0,31.76914823168,2103.728415997918,18331.23442073116,2903.7604252742567,0.0,6037.0,9532.0,40.0,0.0,11624.072817945966,5232.175733734728,56364.51633514358
spring_wind__D__reson,spring_wind,2020-03-12,D,reserve_from_flex,reson,0.5,1.2511,0.5,1.1455,800.0,emergent,0.5,1.0,True,107672.32714506,gurobi,0.0003358052434997,9.0,1.3,581344.3008423464,581344.300842346,549450.0959646452,28305.416022,0.0,-7606.753474125173,7905.288103493056,3290.2542263337245,-6.984919309616089e-10,115087.28689521314,76067.53474125173,39019.75215396142,33.9044852012967,6.0,0.0,1.0,0.0,5.0,55.1569186871614,22.46770817851024,615.9189253399691,250.8894079933644,16678.0,190,268,500.0,456.8380470423206,500.0,16,0.9136760940846412,8.604285447428806,14.53500760847439,5.930722161045583,22.451744767500003,10.41841573348064,10.625000000000002,170.00000000000003,0.921954445729289,1.1344544457292889,1645.1271131668625,,,3181.2666554796224,4135.64665212351,475.4229716778831,14.944455248948824,1629.4827190442466,51.22119254723645,3.443200620908065,1.0,1.4210854715202004e-14,18561.66822764304,17446.37952383734,1057.8536509954572,0.0,57.43505281024,1988.0835404322831,17655.435545163025,2809.9102466777167,0.0,6037.0,9532.0,72.0,0.0,12522.949541945758,4908.15580967895,56648.34584919473
spring_wind__D__soc50,spring_wind,2020-03-12,D,soc_initial,soc50,0.5,1.2511,0.5,1.1455,800.0,emergent,0.5,1.0,False,107672.32714506,gurobi,0.0,7.3,1.2,602305.9309558877,602305.9309558871,570362.016641174,28046.681022,0.0,-7509.021416959778,8091.178344249022,3315.076365424472,-5.820766091346741e-10,115087.28689521314,75090.21416959778,39997.07272561536,34.75368462029404,1.0,0.0,1.0,0.0,0.0,61.78467941855644,19.14303987968917,733.6930680953577,227.3235985713088,18770.0,213,285,500.0,487.9114468402583,500.0,19,0.9758228936805166,9.688895209196032,16.655350918365297,6.966455709169263,22.451744767500003,9.221537800876376,49.40956727851135,938.7817782917156,0.6484455055256505,1.4234772228646444,1657.538182712236,,,3181.2666554796224,4135.64665212351,421.465559013651,13.248356854578384,1505.850288677801,47.33492824576732,3.1837702407571724,1.0,0.0,19484.992980763524,18281.6737618919,1203.3192188716257,0.0,0.0,2093.8517879055826,18484.835528568747,3038.930837142666,0.0,6037.0,9532.0,0.0,0.0,12922.02011224185,4799.711475346368,55274.63079410397
spring_wind__D__vpl100,spring_wind,2020-03-12,D,vpl_size,vpl100,0.5,1.2511,0.5,1.1455,400.0,emergent,0.5,1.0,False,107672.32714506,gurobi,0.0002673818147898,5.6,1.3,621896.9250805839,621896.9250805837,590176.119531457,28357.163022,0.0,-7429.753754402653,9064.906417631124,1728.4898638988443,-5.820766091346741e-10,115087.28689521314,74297.53754402653,40789.74935118661,35.44244586139705,7.0,0.0,1.0,0.0,6.0,59.35670032131104,17.468858784120272,774.1103000237648,227.8230333095685,19044.0,241,313,500.0,471.7739192476452,500.0,14,0.9435478384952904,11.533361283132182,18.13183794787076,6.598476664738572,22.632931200269443,11.537519740279963,6.071428571428571,85.0,1.026157884144267,1.1344544457292889,864.2449319494222,,,3181.2666554796224,4135.64665212351,474.7897531442176,14.924550644832255,1467.108477419738,46.11711737187117,3.1641127628066665,1.0,1.4210854715202004e-14,20201.232963291484,19000.518959429388,1143.114932184659,0.0,57.59907167744,2000.2238476186687,19213.376067396526,2890.0,0.0,6037.0,9534.376732033115,72.0,0.0,10876.345303545571,3459.926927193186,57961.0414656691
spring_wind__D__vpl100_f02,spring_wind,2020-03-12,D,vpl_x_fd,vpl100_f02,0.5,1.2511,0.5,1.1455,400.0,emergent,0.2,1.0,False,111992.32714506,gurobi,0.0001685077862471,8.0,1.3,660769.0982804871,660769.0982804876,606615.7076543676,56248.603044,0.0,-7542.926843955347,3677.8797146048673,1769.834711469764,8.14907252788543e-10,115087.28689521314,75429.26843955346,39658.01845565968,34.45907843128518,5.0,0.0,2.0,0.0,3.0,61.83909682462871,23.31825611654776,700.843097345792,264.2735693208746,18068.0,193,272,500.0,473.0079003428819,500.0,14,0.9460158006857636,11.9482076085497,18.42944630315025,6.481238694600553,22.59494001609552,11.881710755461228,6.308799227020331,88.32318917828464,1.0778389436079163,1.1344544457292889,884.917355734882,,,1272.5066634316588,1654.2586624611567,216.61737543425,17.022887318332977,662.725851640511,52.08034430666879,3.465295932796811,1.0,0.0,19913.25725949798,18223.712549093707,1657.7137285111523,0.0,31.83098189312,2031.9251198650263,18523.724872321505,4326.840791379485,0.0,6037.0,9532.0,40.0,0.0,11802.997255308375,5162.131888166685,56432.214176213376
spring_wind__D__vpl100_f08,spring_wind,2020-03-12,D,vpl_x_fd,vpl100_f08,0.5,1.2511,0.5,1.1455,400.0,emergent,0.8,1.0,False,103352.32714506,gurobi,0.0004551345845744,6.4,1.4,585371.4199432178,585371.4199432173,546132.3928726648,28253.669022,0.0,-7426.288442576963,16715.906612624873,1695.7398785051691,-5.820766091346741e-10,115087.28689521314,74262.88442576963,40824.40246944352,35.472556153499475,5.0,0.0,1.0,0.0,4.0,63.2014073121497,18.88623313728852,703.1156563476653,210.1093436523347,18108.0,203,267,500.0,458.1648470172436,500.0,14,0.9163296940344872,14.191500226134544,19.41102290125057,5.219522675116028,22.632931200269443,11.9766181661161,6.071428571428572,85.00000000000001,0.9852204024021723,1.1344544457292889,847.8699392525846,,,5090.026646999982,6617.034641099977,934.4047356871064,18.35756078483079,2465.918670172623,48.44608567277372,3.160084470425243,1.0,5.684341886080804e-14,18257.26162274659,17064.70724056611,1141.674278080642,0.0,50.88010409984,1973.4362158551007,17253.65551737342,3044.9687302826114,0.0,6037.0,9532.0,64.0,0.0,12252.711955710816,2945.6549927020133,57091.08126150168
spring_wind__D__vpl400,spring_wind,2020-03-12,D,vpl_size,vpl400,0.5,1.2511,0.5,1.1455,1600.0,emergent,0.5,1.0,False,107672.32714506,gurobi,0.0001096446224436,5.1,1.3,521685.6948106119,521685.69481061137,512975.1236921358,0.0,0.0,-7747.147131549584,9877.209797358517,6580.508452667449,-7.56699591875076e-10,115087.28689521314,77471.47131549584,37615.81557971732,32.68459670438359,0.0,0.0,0.0,0.0,0.0,62.66864688999277,16.0732885938782,728.523020096166,186.8519799038341,18090.0,211,279,500.0,480.5981976524493,500.0,17,0.9611963953048984,10.618558491466418,16.866564750190122,6.248006258723703,22.451744767500003,9.384415539015516,73.04346779225989,1241.738952468418,0.9219544457292888,1.1344544457292889,3290.2542263337245,,,3181.2666554796224,4135.64665212351,480.30550280583407,15.097932830576283,1443.966577456903,45.38967442322762,3.023878008812208,1.0,1.4210854715202004e-14,18129.169748672222,17467.104292418873,662.0654562533496,0.0,0.0,2190.374801796648,17724.447517692017,1700.0,0.0,6037.0,9532.0,0.0,0.0,14009.431358932534,7029.190475238668,54242.47467952798
spring_wind__D__vpl400_f02,spring_wind,2020-03-12,D,vpl_x_fd,vpl400_f02,0.5,1.2511,0.5,1.1455,1600.0,emergent,0.2,1.0,False,111992.32714506,gurobi,0.0004708691905218,10.3,1.7,558984.8575636822,558984.857563681,549779.0659588935,5665.234428000001,0.0,-7782.612784314187,4660.984849175931,6662.18511192692,-1.164153218269348e-09,115087.28689521314,77826.12784314185,37261.15905207127,32.376433624677865,1.0,0.0,1.0,0.0,0.0,58.72143562598588,16.72661632206606,753.5917572001522,214.6582427998478,18352.0,230,308,500.0,463.86175979094,500.0,14,0.92772351958188,12.98813390251207,18.746911495080003,5.758777592567935,22.451744767500003,10.83745808826118,83.90374274196391,1174.6523983874947,0.9474784017478736,1.1344544457292889,3331.09255596346,,,1272.5066634316588,1654.2586624611567,222.3055888764532,17.46989585712235,525.9549195024031,41.33219374144755,2.8442689771423897,1.0,0.0,19582.706032707138,18830.511854300086,752.1941784070509,0.0,0.0,2190.374801796648,19059.09842373085,1700.0,162.6994034654964,6037.0,9532.0,0.0,0.0,13998.022777640535,7279.706833084031,54358.02343062065
spring_wind__D__vpl400_f08,spring_wind,2020-03-12,D,vpl_x_fd,vpl400_f08,0.5,1.2511,0.5,1.1455,1600.0,emergent,0.8,1.0,False,103352.32714506,gurobi,0.0004743563640149,5.6,1.3,490658.9327864555,490658.9327864565,481439.40823770897,0.0,0.0,-7707.242571417479,10346.258667498534,6580.508452667448,-9.89530235528946e-10,115087.28689521314,77072.42571417478,38014.86118103836,33.03132970338492,0.0,0.0,0.0,0.0,0.0,66.8647291192467,14.774486567027813,710.4377468919962,156.9789197746705,18010.0,201,255,500.0,491.28795876684654,500.0,20,0.9825759175336932,7.322564913321852,18.038022779102462,10.715457865780614,21.206946234589484,12.803694429827257,64.0897998148697,1281.795996297394,0.9219544457292886,1.1344544457292889,3290.254226333724,,,5090.026646999984,6617.034641099978,610.4690770724096,11.993435779598808,2562.300733274571,50.33963299160266,3.2726962547319567,1.0,0.0,16708.20128083419,16046.135824580842,662.0654562533496,0.0,0.0,2190.374801796648,16255.494074592092,1700.0,0.0,6037.0,9532.0,0.0,0.0,13848.624318626906,7204.120928629245,53829.30566512198
spring_wind__D__vpl650,spring_wind,2020-03-12,D,vpl_size,vpl650,0.5,1.2511,0.5,1.1455,2600.0,emergent,0.5,1.0,False,107672.32714506,gurobi,0.0004996433598145,7.7,1.3,499732.2193803196,499732.2193803195,498437.137462756,0.0,0.0,-7825.980761410813,859.4869234273056,8261.575755548041,-1.0477378964424131e-09,115087.28689521314,78259.80761410811,36827.47928110501,31.99960679813088,0.0,0.0,0.0,0.0,0.0,63.77748500103442,18.76251499896558,664.3488020941086,195.4428645725581,17088.0,182,250,500.0,492.14775805518616,500.0,22,0.9842955161103724,18.4934112838253,21.82617391413096,3.3327626303056586,4.611424855362326,3.453040943870219,66.72118461676038,1467.8660615687284,0.8088332693716312,0.7799312990029921,4130.787877774021,,,3181.266655479624,4135.646652123511,103.099767296549,3.24084015777059,1552.1000524297394,48.78874424928511,3.1871426084201784,1.0,1.4210854715202004e-14,17474.102320515543,16812.036864262194,662.0654562533496,0.0,0.0,2190.374801796648,17060.628749741394,1700.0,0.0,6037.0,9532.0,0.0,0.0,14214.0724250022,7335.314692362799,54520.04569494648
spring_wind__D__vre30,spring_wind,2020-03-12,D,vre_share,vre30,0.3,0.7506,0.3,0.6873,800.0,emergent,0.5,1.0,False,107672.32714506,gurobi,5.818872483658323e-05,7.4,1.3,886471.2404384441,886471.2404444615,860288.9971625083,28150.175022,0.0,-6219.468284495646,1371.7656332009692,2879.770911246511,1.280568540096283e-09,69052.37213712788,62194.68284495646,6857.689292171428,9.931142232960603,3.0,0.0,1.0,0.0,2.0,58.41195852127829,27.13904147872172,973.5326420213046,452.3173579786953,16978.0,256,400,500.0,318.05135804416386,500.0,4,0.6431100846256065,24.93848865534461,22.40595418257545,-2.5325344727691648,5.977371985509992,-2.9027711679458905,0.0,0.0,0.8341909313690816,0.965665888159988,1439.8854556232554,,,3181.266655479623,4135.64665212351,164.55016893396822,5.172473318152573,1707.0902016736145,53.660707716318285,3.372308798493846,1.0,0.0,32725.35681838554,31626.285387456617,1086.4132385653984,0.0,12.65819236352,1314.2248810779884,31369.61659148869,2890.0,0.0,6037.0,9588.0,16.0,0.0,10750.096385505696,4832.6363858693685,45297.72519250341
spring_wind__D__vre70,spring_wind,2020-03-12,D,vre_share,vre70,0.7,1.7515,0.7,1.6036,800.0,emergent,0.5,1.0,False,107672.32714506,gurobi,0.0004901226801132,9.9,1.3,528730.7376130059,528730.7376130051,497534.6366666065,28253.669022,0.0,-7838.750980244828,7490.928678310578,3290.254226333718,-8.14907252788543e-10,161122.20165329837,78387.50980244827,82734.6918508501,51.34903259879606,5.0,0.0,1.0,0.0,4.0,70.67524277533386,18.167235100772327,665.5252028010606,171.07479719893942,18090.0,174,226,500.0,469.14800491594593,500.0,19,0.938296009831892,6.31755785915949,12.83096308346577,6.51340522430628,22.98468604113341,8.244423445573345,47.76650297807532,907.563556583431,0.921954445729285,1.1344544457292889,1645.127113166859,,,3181.266655479623,4135.646652123511,505.4979592163927,15.889833011819045,1559.0812271474792,49.00819063570214,3.357308411901793,1.0,0.0,16195.993527682916,15058.700185017678,1086.4132385653984,0.0,50.88010409984,2811.590336869078,15281.795132774549,2890.0,0.0,6037.0,9524.0,64.0,0.0,14082.887993448465,3613.818628099974,57879.21284403077
spring_wind__D__w05,spring_wind,2020-03-12,D,window_scale,w05,0.5,1.2511,0.5,1.1455,800.0,emergent,0.5,0.5,False,107672.32714506,gurobi,0.0003657200990404,8.5,1.5,582058.6099944103,582058.6100021253,553965.1909398643,28201.922022,0.0,-7412.006862629695,4013.249676557093,3290.2542263337245,-1.1641532182693479e-10,115087.28689521314,74120.06862629695,40967.2182689162,35.59664961623156,4.0,0.0,1.0,0.0,3.0,62.09115877138981,20.692299875226723,688.1770097162372,229.3396569504296,17700.0,193,266,500.0,445.0631829008573,500.0,15,0.8901263658017147,12.2547754073035,17.847222504857218,5.592447097553719,22.451744767500003,10.823576805626836,11.333333333333336,170.00000000000003,0.9219544457292888,1.1344544457292889,1645.1271131668625,,,1962.3666912806664,2551.076698664867,234.02928711952603,11.925869316850022,933.2233766926464,47.55601391112139,1.842932758808309,1.0,1.4210854715202004e-14,18818.67731568903,17691.261107512382,1095.708893606406,0.0,31.70731457024,1812.7445369392008,17936.083928212145,2916.067838598164,0.0,6037.0,9532.0,40.0,0.0,11331.739483651563,5790.017173876366,55185.56743182983
spring_wind__D__w20,spring_wind,2020-03-12,D,window_scale,w20,0.5,1.2511,0.5,1.1455,800.0,emergent,0.5,2.0,False,107672.32714506,gurobi,0.0004946286026404,7.3,1.4,577594.7164865802,577594.7164865793,548966.0509967076,28098.428022,0.0,-7579.408449342954,4819.391690881413,3290.2542263337245,-5.820766091346741e-10,115087.28689521314,75794.08449342953,39293.20240178361,34.14208768129188,2.0,0.0,1.0,0.0,1.0,62.8327134009547,20.72224843110637,685.9237879604221,226.2178787062445,18010.0,195,262,500.0,455.652288931565,500.0,15,0.91130457786313,10.555443252122696,16.257939806684586,5.702496554561892,22.4517447675,10.158832132166664,11.333333333333336,170.00000000000003,0.9219544457292888,1.1344544457292889,1645.1271131668625,,,3114.7460676438595,4049.169887937018,235.17868872585868,7.55049315797865,1824.582355655016,58.57884771438898,4.2986564163188685,1.0,2.8421709430404014e-14,18717.897223959248,17618.825793030326,1086.4132385653984,0.0,12.65819236352,2178.940090098824,17825.22908894987,2890.0,0.0,6037.0,9532.0,16.0,0.0,11804.90015420436,4460.627261387586,57349.61698773876
summer_peak__A__base,summer_peak,2020-08-26,A,base,base,0.5,1.2511,0.5,0.3535,800.0,emergent,0.5,1.0,False,177292.6239083235,gurobi,0.0004711700941492,28.4,1.7,2770743.101447247,2770743.101447258,2673912.5754595725,102315.69258600002,0.0,-5485.166598329625,0.0,0.0,1.5366822481155396e-08,58670.519351880415,54851.66598329625,3818.853368584165,6.508981701151022,26.0,0.0,14.0,0.0,12.0,48.9741068660711,57.80171105711525,1434.533213618666,1693.108453048001,26750.0,267,703,500.0,466.942388512096,500.0,16,0.933884777024192,24.174740103972464,29.670463429831056,5.495723325858591,30.95427721465436,8.838127285429133,0.0,0.0,0.0,0.0,0.0,,,0.0,0.0,0.0,,0.0,,,,0.0,68577.71147266061,47471.29612855353,20967.65683395028,0.0,138.7585101568,2622.494665025208,46910.92761342671,51175.62415267548,2208.0511070498405,12418.399999999998,9600.0,168.0,0.0,13760.301074457431,7692.334079464739,30776.536164348865
summer_peak__A__f02,summer_peak,2020-08-26,A,dc_flex,f02,0.5,1.2511,0.5,0.3535,800.0,emergent,0.2,1.0,False,179131.23591866114,gurobi,0.0004221775479971,13.2,1.6,2825455.126603773,2825455.126603798,2722279.970427157,108684.68621400002,0.0,-5509.530037379297,0.0,0.0,2.0489096641540527e-08,58670.519351880415,55095.30037379298,3575.218978087436,6.093723078612647,28.0,0.0,15.0,0.0,13.0,47.13732186698359,58.31930295867888,1408.227490776135,1742.2891758905316,26186.024594683884,268,717,500.0,479.6302838658326,500.0,15,0.9592605677316652,22.29780191897677,29.888202271747968,7.590400352771193,30.95427721465436,11.85614082332569,0.0,0.0,0.0,0.0,0.0,,,0.0,0.0,0.0,,0.0,,,,0.0,69713.52672415698,48179.14006282037,21370.96361254908,0.0,163.4230487875392,2622.494665025208,47614.68951550401,51775.895354995504,2470.355350873235,12418.399999999998,9600.0,176.0,20.0,13877.526410834143,7692.334079464739,30902.94521846888
summer_peak__A__f08,summer_peak,2020-08-26,A,dc_flex,f08,0.5,1.2511,0.5,0.3535,800.0,emergent,0.8,1.0,False,175454.01189729996,gurobi,0.0004976299687353,15.8,1.1,2716804.047881988,2716804.0479679173,2625725.3310374795,96546.96415800002,0.0,-5468.247227575595,0.0,0.0,1.3504177331924438e-08,58670.519351880415,54682.47227575595,3988.047076124455,6.797361128177292,23.0,0.0,13.0,0.0,10.0,51.45592341093634,56.367419528544914,1487.933785299576,1629.9578813670907,27774.0,272,694,500.0,474.0116523403552,500.0,17,0.9480233046807104,23.65261861161776,28.76039743603235,5.107778824414594,28.441239116006017,7.756573611765102,0.0,0.0,0.0,0.0,0.0,,,0.0,0.0,0.0,,0.0,,,,0.0,67492.03648939506,46834.7920371321,20539.06087522616,0.0,118.1835770368,2622.494665025208,46282.22685100306,50406.66702793422,1958.095273872891,12418.399999999998,9600.0,144.0,0.0,13704.516932243683,7692.334079464739,30663.12659902232
summer_peak__A__hist,summer_peak,2020-08-26,A,history,hist,0.5,1.2511,0.5,0.3535,800.0,emergent,0.5,1.0,False,177292.6239083235,gurobi,0.0004935198769154,85.7,6.0,2860682.1263606986,2860682.1263607186,2600536.8542123013,265799.61631500005,0.0,-5654.344166602758,0.0,0.0,2.0023435354232788e-08,58670.519351880415,56543.44166602759,2127.077685852822,3.625462513968096,41.0,1.0,19.0,0.0,21.0,23.53646548373417,72.99124535963934,651.1755450499785,2019.4244549500213,10904.0,154,664,500.0,459.75810331657993,500.0,15,0.91951620663316,29.88731138530463,31.935776849696605,2.048465464391971,26.14414015290325,3.572625890571268,0.0,0.0,0.0,0.0,0.0,,,0.0,0.0,0.0,,0.0,,,,0.0,70332.29508212878,51534.85579408212,18599.622083443788,0.0,197.81720460288,2622.494665025208,50848.43384067672,45083.791368039005,2597.9617100847936,12418.399999999998,9600.0,240.0,0.0,13877.526410834143,7692.334079464739,32351.0865107035
summer_peak__A__native,summer_peak,2020-08-26,A,baseline,native,0.5,1.2511,0.5,0.3535,800.0,emergent,0.5,1.0,False,177292.62390649333,gurobi,0.0004664261271672,8.1,1.1,2769043.0440843045,2769043.044084319,2672266.18111362,102263.94558600002,0.0,-5487.082615313761,0.0,0.0,1.2572854757308962e-08,58670.519351880415,54870.826153137605,3799.693198742798,6.476324465365442,25.0,0.0,14.0,0.0,11.0,49.02999902914868,58.20233287356949,1427.9987217239552,1695.1429449427117,26240.0,260,699,500.0,473.8692296732949,500.0,18,0.9477384593465898,24.27970242726765,29.669361922781405,5.389659495513751,30.80054204477792,7.483051454517176,0.0,0.0,0.0,0.0,0.0,,,0.0,0.0,0.0,,0.0,,,,0.0,68359.6460495388,47152.77864255827,21094.873582663087,0.0,111.99382431744,2622.494665025208,46610.44870545731,51430.83447225978,2262.147500907972,12418.399999999998,9600.0,136.0,0.0,13738.775423181114,7692.334079464739,30817.22198546656
summer_peak__A__prevday,summer_peak_prev,2020-08-25,A,history,prevday,0.5,1.2511,0.5,0.5372,800.0,emergent,0.5,1.0,False,170076.7563659235,gurobi,0.0004988639384048,354.9,4.5,2121004.832444362,2121004.8324443656,1942630.639104609,185689.765416,0.0,-7315.572076245887,0.0,0.0,2.3283064365386963e-09,85268.04563006318,73155.72076245886,12112.324867604311,14.204998810637496,17.0,0.0,9.0,0.0,8.0,47.1637877389712,53.558258116407984,1114.2444853331947,1265.3138480001387,19538.0,222,567,500.0,488.43535171222726,500.0,18,0.9768707034244544,24.8069674544745,28.678321879280848,3.871354424806354,28.441239116006027,7.319873560591357,0.0,0.0,0.0,0.0,0.0,,,0.0,0.0,0.0,,0.0,,,,0.0,55798.07916739379,43464.24382422368,12268.976767400509,0.0,64.8585757696,2585.303153082716,42965.43166841363,30584.236162465942,899.864521123757,12840.0,9592.0,80.0,0.0,13712.067929922596,8125.298315305429,48733.05136414812
summer_peak__A__vre30,summer_peak,2020-08-26,A,vre_share,vre30,0.3,0.7506,0.3,0.2121,800.0,emergent,0.5,1.0,False,177292.6239083235,gurobi,0.0004038093300135,12.6,1.9,3355223.805100318,3355223.80510032,3233694.9028454297,125049.13341600004,0.0,-3520.231161112825,0.0,0.0,3.2596290111541752e-09,35202.31161112825,35202.31161112825,0.0,0.0,30.0,0.0,22.0,0.0,8.0,33.07870208181335,65.64551854168785,1149.4848973430137,2281.181769323653,21842.0,236,834,500.0,419.8539371664095,500.0,11,0.839707874332819,31.6913902879246,32.564337442321445,0.8729471543968416,6.114095998398543,1.8295215069684587,0.0,0.0,0.0,0.0,0.0,,,0.0,0.0,0.0,,0.0,,,,0.0,80526.8468948243,53476.39955957021,26985.71968427937,0.0,64.72765097472,1573.4967990151242,52728.488951254825,60401.98193543733,6889.891577075519,12418.399999999998,9600.0,80.0,0.0,8326.515846500486,4615.400447678844,20686.89851793379
summer_peak__A__vre70,summer_peak,2020-08-26,A,vre_share,vre70,0.7,1.7515,0.7,0.4949,800.0,emergent,0.5,1.0,False,177292.6239083235,gurobi,0.000499916066121,556.8,1.7,2365729.6843332225,2365729.684333226,2198034.6311453446,174845.775678,0.0,-7150.7224901210975,0.0,0.0,3.2596290111541752e-09,82138.72709263254,71507.22490121097,10631.50219142159,12.943349096987877,23.0,0.0,11.0,0.0,12.0,47.58507993148992,54.78266200399396,1229.2812315634894,1415.2187684365106,23130.161456344496,237,620,500.0,460.3560591058181,500.0,12,0.920712118211636,20.29556134949097,29.150981971131188,8.855420621640219,32.19009854064137,17.01803963434631,0.0,0.0,0.0,0.0,0.0,,,0.0,0.0,0.0,,0.0,,,,0.0,60882.68069441348,45844.21992709178,14886.051823229542,0.0,152.40894409216,3671.492531035289,45310.38641968868,37087.22169680506,1249.642325982507,12418.399999999998,9596.0,184.0,0.0,18630.84573154436,10617.938184162836,38586.94845446848
summer_peak__A__w05,summer_peak,2020-08-26,A,window_scale,w05,0.5,1.2511,0.5,0.3535,800.0,emergent,0.5,0.5,False,175708.05395486485,gurobi,0.0004992333803524,18.7,1.1,2723380.245411425,2723380.2454114403,2632254.3227165868,96598.71115800002,0.0,-5472.788463159973,0.0,0.0,1.3504177331924438e-08,58670.519351880415,54727.884631599736,3942.634720280675,6.719958786515006,24.0,0.0,13.0,0.0,11.0,51.11153624754335,56.46662467199688,1482.234551178757,1637.53211548791,27872.045411600684,274,696,500.0,475.5222383568007,500.0,17,0.9510444767136014,24.09256443928584,28.748249589893778,4.655685150607948,28.44123911600601,7.132301197697096,0.0,0.0,0.0,0.0,0.0,,,0.0,0.0,0.0,,0.0,,,,0.0,67617.2637230304,46895.22879229235,20596.95994858892,0.0,125.07498214912,2622.494665025208,46340.829885678,50538.59953555355,1971.341350478293,12418.399999999998,9600.0,152.0,0.0,13760.301074457431,7692.334079464739,30652.754812652354
summer_peak__A__w20,summer_peak,2020-08-26,A,window_scale,w20,0.5,1.2511,0.5,0.3535,800.0,emergent,0.5,2.0,False,177206.147144137,gurobi,0.000491618603975,10.9,1.0,2768684.7124824617,2768684.712482477,2671852.167770216,102315.692586,0.0,-5483.147873753008,0.0,0.0,1.4901161193847656e-08,58670.519351880415,54831.478737530095,3839.040614350324,6.543389519573565,26.0,0.0,14.0,0.0,12.0,49.10632028627708,57.90994219589126,1434.3137716950096,1691.452894971657,26698.0,264,701,500.0,468.4937109856366,500.0,16,0.9369874219712732,23.95687172590097,30.091179581877125,6.134307855976154,30.95427721465436,9.796004080605464,0.0,0.0,0.0,0.0,0.0,,,0.0,0.0,0.0,,0.0,,,,0.0,68544.53970114795,47455.51386394467,20956.65825688969,0.0,132.3675803136,2622.494665025208,46895.871263421104,51132.02838633045,2204.969829568209,12418.399999999998,9600.0,160.0,0.0,13760.301074457431,7692.334079464739,30756.34891858271
summer_peak__B__base,summer_peak,2020-08-26,B,base,base,0.5,1.2511,0.5,0.3535,800.0,emergent,0.5,1.0,False,177292.6239083235,gurobi,0.0003080194393389,30.9,2.2,2698657.2489286307,2698657.2489286447,2666642.466283399,34560.62356800001,0.0,-5502.360138309,0.0,2956.5192155412656,1.3504177331924438e-08,58670.519351880415,55023.601383090005,3646.91796879041,6.215929241937971,17.0,0.0,6.0,0.0,11.0,54.201620362614925,57.85417993107083,1537.9709777891983,1641.6123555441347,29032.0,268,681,500.0,486.4923207834676,500.0,19,0.9729846415669352,20.74469622459413,28.847779889298057,8.103083664703933,31.408906992624896,10.17473393599824,38.81913455702269,737.5635565834311,0.925870063984002,0.921954445729289,1478.2596077706328,,,0.0,0.0,0.0,,0.0,,,,0.0,68202.35649840724,47055.88706300276,21021.427547327683,0.0,125.0418880768,2622.494665025208,46511.27262968052,52874.03300543361,1009.3908979451138,12418.399999999998,9600.0,152.0,0.0,13760.301074457431,7692.334079464739,30948.47156414262
summer_peak__B__dedicated,summer_peak,2020-08-26,B,vpl_mode,dedicated,0.5,1.2511,0.5,0.3535,800.0,dedicated,0.5,1.0,False,177292.6239083235,gurobi,0.0004465053951387,26.2,2.0,2739241.389746733,2739241.389746752,2690359.5062259254,52311.83305200001,0.0,-5425.134812286159,0.0,1995.1852810977928,1.4435499906539917e-08,58670.519351880415,54251.3481228616,4419.171229018813,7.532183586980941,22.0,0.0,9.0,0.0,13.0,52.88773901720057,56.813689554228006,1542.55905466835,1657.06594533165,29558.0,278,700,500.0,481.14543463096015,500.0,17,0.9622908692619204,22.24015707199303,29.791784635125943,7.551627563132921,31.701192147344813,10.45830045834341,20.61058777530872,350.37999218024817,0.3435262395754485,0.9034645611106724,997.5926405488966,16.0,0.0,0.0,0.0,0.0,,0.0,,,,0.0,68927.74958493475,47670.99355367553,21100.191293511674,0.0,156.5647377475392,2622.494665025208,47111.23147148985,52506.98538193298,1433.3658345367671,12418.399999999998,9600.0,168.0,20.0,13705.278707267526,7692.334079464739,30231.24067110412
summer_peak__B__explicit,summer_peak,2020-08-26,B,vpl_mode,explicit,0.5,1.2511,0.5,0.3535,800.0,explicit,0.5,1.0,False,177292.6239083235,gurobi,0.0004798824157378,12.2,1.3,2737789.0261114417,2737789.02611146,2688606.2717101728,52311.833052,0.0,-5430.141500966763,0.0,2301.0628502382824,1.5366822481155396e-08,58670.519351880415,54301.41500966763,4369.104342212788,7.446847906712378,22.0,0.0,9.0,0.0,13.0,52.92204840197544,56.88911039630782,1541.354659707535,1656.895340292465,29448.0,277,699,500.0,484.2131485248612,500.0,17,0.9684262970497224,23.20094300336396,29.044752517251226,5.843809513887262,27.011817790074307,8.047263212349533,20.482552473331623,348.20339204663765,0.5162098356696374,0.921954445729289,1150.5314251191412,7.0,10.0,0.0,0.0,0.0,,0.0,,,,0.0,68992.10186600442,47798.38209267102,21037.18812965819,0.0,156.5316436752192,2622.494665025208,47240.73680882381,52355.12981731944,1429.6215408759165,12418.399999999998,9600.0,168.0,20.0,13705.278707267526,7692.334079464739,30281.30755791015
summer_peak__B__f02,summer_peak,2020-08-26,B,dc_flex,f02,0.5,1.2511,0.5,0.3535,800.0,emergent,0.2,1.0,False,179131.23591866114,gurobi,0.0003213642242495,6.1,1.3,2749641.589552309,2749641.5895523266,2711864.4741604025,40277.60499600001,0.0,-5524.455954351145,0.0,3023.966350259029,1.5832483768463135e-08,58670.519351880415,55244.55954351145,3425.959808368963,5.839320746117035,19.0,0.0,7.0,0.0,12.0,51.74550845637321,59.33141462054986,1485.5273052683813,1703.3060280649522,28168.0,262,689,500.0,491.36310703088384,500.0,18,0.9827262140617676,23.77037539008244,29.389618064153183,5.619242674070744,24.366332907053,7.390196837379828,29.864642032412835,537.563556583431,0.9680245231826043,0.9219544457292888,1511.9831751295146,,,0.0,0.0,0.0,,0.0,,,,0.0,69336.25338407676,47811.02101837699,21386.5400436876,0.0,138.69232201216,2622.494665025208,47259.53195994893,53565.42278021747,1182.3899333924571,12418.399999999998,9600.0,168.0,0.0,13760.301074457431,7692.334079464739,31169.42972456407
summer_peak__B__f08,summer_peak,2020-08-26,B,dc_flex,f08,0.5,1.2511,0.5,0.3535,800.0,emergent,0.8,1.0,False,175454.01189729996,gurobi,0.0004741031335482,8.3,1.5,2645168.2170999856,2645168.2171000047,2596396.6553845746,51328.582734,0.0,-5559.862499844626,0.0,3002.8414812582214,1.6763806343078613e-08,58670.519351880415,55598.62499844626,3071.89435343416,5.235839715360735,17.0,0.0,5.0,0.0,12.0,51.61661928323936,59.114809288189214,1430.2104926397576,1637.9728406935762,26724.169277092893,248,665,500.0,482.357591263036,500.0,20,0.964715182526072,20.60059311329822,28.62952538691623,8.028932273618013,30.74743014636778,9.58243461606331,36.87817782917155,737.563556583431,0.9548214800570994,0.9219544457292888,1501.4207406291107,,,0.0,0.0,0.0,,0.0,,,,0.0,67492.10423649268,47454.447823689145,19892.07268567906,0.0,145.58372712448,2622.494665025208,46919.11611547508,50179.73567614132,866.4963850294264,12418.399999999998,9600.0,176.0,0.0,13877.526410834143,7692.334079464739,31406.26984312216
summer_peak__B__hist,summer_peak,2020-08-26,B,history,hist,0.5,1.2511,0.5,0.3535,800.0,emergent,0.5,1.0,False,177292.6239083235,gurobi,0.0002699056378957,36.4,6.1,2804458.9862265377,2804458.9862265578,2581829.905631168,225625.505319,0.0,-5666.6227388809775,0.0,2670.198015252905,1.862645149230957e-08,58670.519351880415,56666.22738880978,2004.291963070631,3.4161824119022266,24.0,1.0,12.0,0.0,11.0,27.41219965157665,77.28536923010893,704.7219660426164,1986.878033957384,12374.0,118,617,500.0,478.4887593664798,500.0,18,0.9569775187329596,27.962398882603537,31.143902070675143,3.1815031880715985,29.25882557198561,4.172554326138357,40.97575314352394,737.5635565834309,0.746919313803777,0.9219544457292886,1335.0990076264525,,,0.0,0.0,0.0,,0.0,,,,0.0,70368.01979873555,51856.15901683114,18386.88508197225,0.0,124.97569993216,2622.494665025208,51158.33793971773,46559.858837348605,1014.8760379108608,12418.399999999998,9600.0,152.0,0.0,13877.526410834143,7692.334079464739,32473.87223348569
summer_peak__B__native,summer_peak,2020-08-26,B,baseline,native,0.5,1.2511,0.5,0.3535,800.0,emergent,0.5,1.0,False,177292.62390649333,gurobi,0.0004236101993058,12.7,1.1,2696339.813032196,2696339.8130559893,2636406.979433952,62555.55759,0.0,-5572.978194312927,0.0,2950.2542263337245,1.6763806343078613e-08,58670.519351880415,55729.78194312928,2940.7374087511457,5.01229142205794,17.0,0.0,7.0,0.0,10.0,50.19581493550857,60.88874278563086,1395.0253567493426,1692.1996432506576,26106.15445432136,238,667,500.0,484.9052152971187,500.0,19,0.9698104305942372,21.8551810832018,28.57324180605759,6.718060722855793,26.14414015290326,8.420470258552681,29.3433473062219,557.5235988182161,0.921954445729289,0.9219544457292888,1475.1271131668625,,,0.0,0.0,0.0,,0.0,,,,0.0,68599.41464177563,48189.64000377903,20311.796443605555,0.0,97.97819439104,2622.494665025208,47645.802665136245,51021.39815503581,1053.590617843724,12418.399999999998,9600.0,120.0,0.0,13877.526410834143,7692.334079464739,31537.426787805176
summer_peak__B__reson,summer_peak,2020-08-26,B,reserve_from_flex,reson,0.5,1.2511,0.5,0.3535,800.0,emergent,0.5,1.0,True,177292.6239083235,gurobi,0.0004977323045526,19.7,1.1,2698654.046576025,2698654.046614568,2666639.263969323,34560.62356800001,0.0,-5502.360138309,0.0,2956.519215541267,1.30385160446167e-08,58670.519351880415,55023.601383090005,3646.9179687904143,6.215929241937976,17.0,0.0,6.0,0.0,11.0,54.20162036261495,57.85417993107081,1537.9709777891992,1641.6123555441343,29032.0,268,681,500.0,486.4923207834677,500.0,19,0.9729846415669354,20.69773015882004,28.779685907990302,8.081955749170262,31.4089069926249,10.148046042692547,38.81913455702268,737.5635565834309,0.925870063984003,0.9219544457292888,1478.2596077706337,,,0.0,0.0,0.0,,0.0,,,,0.0,68202.34429236008,47055.88706300276,21021.44843535285,0.0,125.00879400448,2622.494665025208,46511.27262968051,52867.929477460464,1015.4944259182494,12418.399999999998,9600.0,152.0,0.0,13721.87123810773,7692.334079464739,30986.90140049232
summer_peak__B__soc50,summer_peak,2020-08-26,B,soc_initial,soc50,0.5,1.2511,0.5,0.3535,800.0,emergent,0.5,1.0,False,177292.6239083235,gurobi,0.0003594695427696,15.8,1.1,2705058.543241149,2705058.546756687,2672730.311705806,34560.62356800001,0.0,-5499.492249865859,0.0,3267.103732736572,1.0710209608078005e-08,58670.519351880415,54994.92249865859,3675.5968532218303,6.264810493967488,17.0,0.0,6.0,0.0,11.0,54.99418136704622,57.1593274048836,1567.3341689608176,1629.0408310391824,29366.0,280,684,500.0,493.5501341635144,500.0,21,0.9871002683270288,20.82273404343617,29.312462116662875,8.4897280732267,31.40890699262489,9.64759098040538,34.42278244610872,722.8784313682831,1.138341793750003,0.903598039210354,1633.5518663682858,,,0.0,0.0,0.0,,0.0,,,,0.0,67652.52121898494,46143.38313148878,21384.09619941937,0.0,125.0418880768,2622.494665025208,45622.28122556666,53824.85959115312,1007.8391282206128,12418.399999999998,9600.0,152.0,0.0,13760.301074457431,7692.334079464739,30919.7926797112
summer_peak__B__vpl100,summer_peak,2020-08-26,B,vpl_size,vpl100,0.5,1.2511,0.5,0.3535,400.0,emergent,0.5,1.0,False,177292.6239083235,gurobi,0.0003929725005961,15.1,1.5,2734063.0658292384,2734063.0658292584,2657743.523304588,80358.514074,0.0,-5536.134002079864,0.0,1497.1624527317026,1.862645149230957e-08,58670.519351880415,55361.340020798656,3309.179331081762,5.640276185787167,23.0,0.0,10.0,0.0,13.0,49.15095626503898,58.97299148532388,1411.0420361088272,1693.0162972245062,26130.0,259,689,500.0,476.2258912431864,500.0,17,0.9524517824863729,21.207574234626392,29.755888618833765,8.548314384207375,30.95427721465438,11.998116907403084,21.69304578186562,368.7817782917156,0.9494986201853391,0.921954445729289,748.5812263658513,,,0.0,0.0,0.0,,0.0,,,,0.0,68509.28388473042,47715.14806915172,20637.53798375884,0.0,156.59783181985918,2622.494665025208,47169.85466812333,51244.12892310681,1482.4075421580176,12418.399999999998,9600.0,168.0,20.0,13877.526410834143,7692.334079464739,31168.984865474555
summer_peak__B__vpl100_f02,summer_peak,2020-08-26,B,vpl_x_fd,vpl100_f02,0.5,1.2511,0.5,0.3535,400.0,emergent,0.2,1.0,False,179131.23591866114,gurobi,0.0004896720798026,22.7,2.9,2786352.137457558,2786352.1374575794,2699501.3786379285,90933.47673000002,0.0,-5557.845023535923,0.0,1475.127113166862,2.0023435354232788e-08,58670.519351880415,55578.45023535924,3092.0691165211747,5.270226257886487,23.0,0.0,12.0,0.0,11.0,47.32995723678883,60.7659965204366,1364.6804336607445,1752.086233005922,25916.0,250,692,500.0,476.9685064305626,500.0,17,0.9539370128611252,21.74807949973223,29.44726240339588,7.699182903663643,30.95427721465435,10.770958725999169,21.693045781865617,368.7817782917155,0.9219544457292888,0.9219544457292888,737.563556583431,,,0.0,0.0,0.0,,0.0,,,,0.0,69626.20814730134,48454.77064241817,21046.395616806378,0.0,125.0418880768,2622.494665025208,47886.07008993985,51866.55213999811,1799.4473622041687,12418.399999999998,9600.0,152.0,0.0,13877.526410834143,7692.334079464739,31386.095080035146
summer_peak__B__vpl100_f08,summer_peak,2020-08-26,B,vpl_x_fd,vpl100_f08,0.5,1.2511,0.5,0.3535,400.0,emergent,0.8,1.0,False,175454.01189729996,gurobi,0.0002725978629028,7.7,1.2,2680708.7596359747,2680708.759711681,2610573.4629779435,73937.773446,0.0,-5507.484814421902,0.0,1705.008102146448,1.2572854757308962e-08,58670.519351880415,55074.848144219024,3595.671207661387,6.128582544320267,20.0,0.0,9.0,0.0,11.0,51.63495265251391,57.779480337176814,1460.8388687940394,1634.6777978726277,27456.0,264,679,500.0,472.1613813015078,500.0,16,0.9443227626030156,25.2924829411857,28.637097576126585,3.344614634940882,23.069501330475266,5.58946786447025,23.048861143232223,368.7817782917156,1.2093056819537713,0.921954445729289,852.504051073224,,,0.0,0.0,0.0,,0.0,,,,0.0,67626.6359240705,47348.13727549716,20146.565355384228,0.0,131.93329318912,2622.494665025208,46793.48610792627,50314.278650071166,1278.5023909456197,12418.399999999998,9600.0,160.0,0.0,13712.813197663789,7692.334079464739,31047.206202065285
summer_peak__B__vpl400,summer_peak,2020-08-26,B,vpl_size,vpl400,0.5,1.2511,0.5,0.3535,1600.0,emergent,0.5,1.0,False,177292.6239083235,gurobi,0.0003385089862927,8.1,1.2,2649556.885605408,2649556.885605421,2637880.6495244806,11433.962856000002,0.0,-5528.1197431982455,0.0,5770.392968127067,1.1641532182693481e-08,58670.519351880415,55281.19743198247,3389.321919897952,5.776873900792089,4.0,0.0,2.0,0.0,2.0,54.63284745040474,61.253655617079936,1484.192355735995,1664.057644264005,28434.0,233,652,500.0,491.9994281685797,500.0,21,0.9839988563371592,26.89711867494089,28.57619391895521,1.6790752440143148,7.850343613349899,1.863987747019795,70.24414824604104,1475.1271131668618,0.88129335681042,0.9219544457292886,2885.1964840635337,,,0.0,0.0,0.0,,0.0,,,,0.0,69197.21269910477,48903.63002104072,20280.39527084228,0.0,13.18740722176,2622.494665025208,48301.7368087965,51552.81230758087,666.8343459587338,12418.399999999998,9600.0,16.0,0.0,13877.526410834143,7692.334079464739,31088.842276658368
summer_peak__B__vpl400_f02,summer_peak,2020-08-26,B,vpl_x_fd,vpl400_f02,0.5,1.2511,0.5,0.3535,1600.0,emergent,0.2,1.0,False,179131.23591866114,gurobi,0.0004618782128915,6.1,1.2,2702520.29935862,2702520.2993586333,2691029.510703306,11640.950856000003,0.0,-5535.053017231272,0.0,5384.890816546684,1.1175870895385742e-08,58670.519351880415,55350.53017231272,3319.989179567692,5.6587008539260255,8.0,0.0,2.0,0.0,6.0,51.57212624357077,63.17901184444137,1416.0846331047142,1734.7903668952858,26886.0,229,659,500.0,489.70479297346907,500.0,18,0.9794095859469382,27.66876556306948,29.288904492431083,1.6201389293616035,7.641527474078266,2.0829067764188007,81.95150628704789,1475.127113166862,0.76082393444155,0.9219544457292888,2692.445408273342,,,0.0,0.0,0.0,,0.0,,,,0.0,70169.8740517498,49320.94980053316,20784.934249696005,0.0,63.99000152064,2622.494665025208,48714.81944884169,52819.15779154113,662.9915651040333,12418.399999999998,9600.0,80.0,0.0,13846.718566791054,7692.334079464739,31188.98286103172
summer_peak__B__vpl400_f08,summer_peak,2020-08-26,B,vpl_x_fd,vpl400_f08,0.5,1.2511,0.5,0.3535,1600.0,emergent,0.8,1.0,False,175454.01189729996,gurobi,0.0001195185206515,8.3,1.4,2600658.98984169,2600658.989841704,2588920.589006442,11330.468856,0.0,-5522.457462396328,0.0,5930.3894416470375,1.0710209608078005e-08,58670.519351880415,55224.574623963286,3445.944727917132,5.873383712951039,2.0,0.0,2.0,0.0,0.0,57.4632227512345,58.87113780346505,1553.9013152312991,1591.9736847687009,29998.0,242,649,500.0,494.4843799533719,500.0,21,0.9889687599067438,26.376803636277213,28.27991021851425,1.9031065822370348,7.007250973165636,2.1200235621314736,70.24414824604105,1475.127113166862,0.9312922547854104,0.9219544457292888,2965.1947208235188,,,0.0,0.0,0.0,,0.0,,,,0.0,68012.04083677303,48149.41929437913,19862.621542393896,0.0,0.0,2622.494665025208,47576.055467980696,50526.02018178064,667.2927846874832,12418.399999999998,9600.0,0.0,0.0,13877.526410834143,7692.334079464739,31032.219468639185
summer_peak__B__vpl650,summer_peak,2020-08-26,B,vpl_size,vpl650,0.5,1.2511,0.5,0.3535,2600.0,emergent,0.5,1.0,False,177292.6239083235,gurobi,0.0002616052583347,5.7,1.2,2629476.723336724,2629476.723336749,2615008.8803498074,11330.468856,0.0,-5577.470743766266,0.0,8714.844874689248,1.816079020500183e-08,58670.519351880415,55774.70743766267,2895.8119142177457,4.935718903134157,2.0,0.0,2.0,0.0,0.0,46.06199992413104,68.072706890449,1211.0467480052785,1789.7449186613885,22674.0,178,631,500.0,451.8759280315178,500.0,18,0.9037518560630357,29.26655330095825,29.63399877998312,0.3674454790248577,4.753378535534985,0.3229483348024414,93.4688464347488,1682.4392358254784,0.7539772609417206,0.9219544457292888,4357.422437344624,,,0.0,0.0,0.0,,0.0,,,,0.0,70275.62548883777,50891.81321554373,19383.81227329404,0.0,0.0,2622.494665025208,50205.63163657807,49444.80469315983,657.4417181354189,12418.399999999998,9600.0,0.0,0.0,13877.526410834143,7692.334079464739,31582.352282338576
summer_peak__B__vpldown,summer_peak,2020-08-26,B,vpl_decomp,vpldown,0.5,1.2511,0.5,0.3535,800.0,emergent,0.5,1.0,False,177292.6239083235,gurobi,0.0003018769478672,13.7,1.1,2742287.83926094,2742287.8393349703,2665939.364746118,80358.514074,0.0,-5485.166598329624,0.0,1475.127113166862,1.5366822481155396e-08,58670.519351880415,54851.66598329625,3818.8533685841626,6.508981701151018,23.0,0.0,10.0,0.0,13.0,48.39830173903167,59.94434746038608,1385.4013872797816,1715.9069460535518,26174.0,253,687,500.0,464.831340443885,500.0,15,0.92966268088777,24.248424916908444,29.47745575502172,5.229030838113282,30.95427721465436,8.849666552535352,23.213559469776023,348.2033920466404,0.0,0.9219544457292888,737.563556583431,,,0.0,0.0,0.0,,0.0,,,,0.0,69065.88720838612,48354.13036549929,20555.19210513928,0.0,156.5647377475392,2622.494665025208,47778.64944470132,51191.24798977509,1431.869270808837,12418.399999999998,9600.0,168.0,20.0,13719.382358481698,7692.334079464739,30817.4548803246
summer_peak__B__vplup,summer_peak,2020-08-26,B,vpl_decomp,vplup,0.5,1.2511,0.5,0.3535,800.0,emergent,0.5,1.0,False,177292.6239083235,gurobi,0.0004607704997855,15.7,1.2,2727645.553192267,2727645.553192282,2679354.688176202,52311.83305200001,0.0,-5502.360138308999,0.0,1481.3921023744035,1.4901161193847656e-08,58670.519351880415,55023.60138308999,3646.917968790424,6.215929241937992,22.0,0.0,9.0,0.0,13.0,54.06803936639712,55.19758563360289,1585.9958214143155,1619.1291785856845,29728.0,290,704,500.0,486.8232524244563,500.0,18,0.9736465048489126,20.72168692641868,29.470300591320363,8.74861366490169,31.408906992624896,11.600703599372926,0.0,0.0,0.9258700639840024,0.0,740.6960511872019,,,0.0,0.0,0.0,,0.0,,,,0.0,67739.80204268846,46178.539505498375,21404.66470537022,0.0,156.59783181985918,2622.494665025208,45643.55079840589,52908.91201615783,1676.6374714926978,12418.399999999998,9600.0,168.0,20.0,13721.87123810773,7692.334079464739,30986.901400492312
summer_peak__B__vre30,summer_peak,2020-08-26,B,vre_share,vre30,0.3,0.7506,0.3,0.2121,800.0,emergent,0.5,1.0,False,177292.6239083235,gurobi,0.0003180694920398,15.7,1.9,3311126.615488017,3311126.615595932,3209670.625826707,102025.966704,0.0,-3520.231161112825,0.0,2950.254226333724,3.725290298461914e-09,35202.31161112825,35202.31161112825,0.0,0.0,19.0,0.0,18.0,0.0,1.0,32.13059888916373,69.57065111083628,1071.019962972124,2319.021703694543,20778.0,212,800,500.0,429.9314142702083,500.0,10,0.8598628285404165,30.985657844315995,31.28301865174164,0.2973608074256379,2.854791270706187,0.8639153146856564,67.43847746339478,674.3847746339477,0.9219544457292888,0.9219544457292888,1475.127113166862,,,0.0,0.0,0.0,,0.0,,,,0.0,81474.85337299315,55254.47463523673,26201.39144921114,0.0,18.98728854528,1573.4967990151242,54425.14921356598,60483.119699161165,5426.251975941879,12418.399999999998,9600.0,24.0,0.0,8326.515846500486,4615.400447678844,20686.89851793379
summer_peak__B__vre70,summer_peak,2020-08-26,B,vre_share,vre70,0.7,1.7515,0.7,0.4949,800.0,emergent,0.5,1.0,False,177292.6239083235,gurobi,0.0004987803118322,21.2,1.7,2295802.5802272283,2295802.5802272307,2186812.659334565,113087.179206,0.0,-7275.989686208116,0.0,3178.731372872296,1.3969838619232178e-09,82138.72709263254,72759.89686208115,9378.830230551408,11.418280465893226,20.0,0.0,8.0,0.0,12.0,52.5548540045756,52.07107792411159,1351.097705034298,1338.6606282990358,25328.0,262,617,500.0,466.884362812818,500.0,14,0.933768725625636,24.479884454346813,27.529308824004147,3.0494243696573355,22.96524066953442,3.14754264977323,17.155972971604196,240.1836216024588,1.0647526623158965,0.9219544457292888,1589.365686436148,,,0.0,0.0,0.0,,0.0,,,,0.0,60473.49364181395,45478.12487025255,14842.959827469236,0.0,152.40894409216,3671.492531035289,44951.03327289561,36919.5105409364,797.3112653448464,12418.399999999998,9600.0,184.0,0.0,19025.1248922465,10619.819091857267,39443.4603469421
summer_peak__B__w05,summer_peak,2020-08-26,B,window_scale,w05,0.5,1.2511,0.5,0.3535,800.0,emergent,0.5,0.5,False,175708.05395486485,gurobi,0.0004987758907605,15.7,0.9,2652387.560735509,2652387.5607355265,2602964.699118072,52032.341934,0.0,-5559.734542894392,0.0,2950.2542263337245,1.4901161193847656e-08,58670.519351880415,55597.345428943925,3073.173922936493,5.238020656515625,18.0,0.0,5.0,0.0,13.0,51.46378292429026,58.7592021503366,1436.6972733031034,1640.36106003023,26960.04541160068,251,670,500.0,477.900446411001,500.0,19,0.955800892822002,21.660724922194703,28.765780315172368,7.105055392977669,24.25621132543745,8.919770904520945,38.81913455702269,737.5635565834311,0.921954445729289,0.921954445729289,1475.1271131668625,,,0.0,0.0,0.0,,0.0,,,,0.0,67790.89158364122,47776.269459113486,19851.199075740195,0.0,163.4230487875392,2622.494665025208,47230.929096478416,50095.00172459398,866.7346196531313,12418.399999999998,9600.0,176.0,20.0,13877.526410834143,7692.334079464739,31404.990273619827
summer_peak__B__w20,summer_peak,2020-08-26,B,window_scale,w20,0.5,1.2511,0.5,0.3535,800.0,emergent,0.5,2.0,False,177206.147144137,gurobi,0.000498920884905,28.6,1.2,2697320.1780047324,2697320.1780047505,2637329.647585941,62607.30459,0.0,-5567.028397541561,0.0,2950.254226333724,1.6763806343078613e-08,58670.519351880415,55670.283975415616,3000.2353764647983,5.1137017527843645,18.0,0.0,7.0,0.0,11.0,49.72761329959829,60.97657831716818,1384.085236838819,1697.1814298278478,26156.0,238,668,500.0,478.2346936625896,500.0,18,0.9564693873251792,24.731499872436217,28.566432200935697,3.834932328499477,24.256211325437448,5.047045449381271,40.97575314352395,737.5635565834311,0.9219544457292888,0.9219544457292888,1475.127113166862,,,0.0,0.0,0.0,,0.0,,,,0.0,68783.83993433858,48474.3872665962,20184.47696781022,0.0,124.97569993216,2622.494665025208,47917.34984204071,50765.51384698602,983.490626841628,12418.399999999998,9600.0,152.0,0.0,13877.526410834143,7692.334079464739,31477.92882009152
summer_peak__C__base,summer_peak,2020-08-26,C,base,base,0.5,1.2511,0.5,0.3535,800.0,emergent,0.5,1.0,False,173156.9772562,gurobi,0.0001832755688401,9.3,2.3,2750461.2236121525,2750461.2236165963,2663426.144493948,85268.24230200003,0.0,-5518.740116577446,7285.576937207099,0.0,1.862645149230957e-08,58670.519351880415,55187.401165774456,3483.118186105952,5.936743401256965,22.0,0.0,11.0,0.0,11.0,49.62933126555143,57.98618597582787,1439.2506067009915,1681.5993932990086,26436.15445432136,261,696,500.0,482.58863522208713,500.0,20,0.9651772704441742,23.81590252941601,31.36722193639496,7.551319406978945,30.95427721465436,9.001106997507634,0.0,0.0,0.0,0.0,0.0,,,3181.266655479623,4135.646652123511,475.527874039115,14.947752751880593,1471.5045153604683,46.25530251687178,3.000807525744183,1.0,5.684341886080804e-14,68324.58264448316,47350.6534468806,20809.26325419904,0.0,164.66594340352,2622.494665025208,46814.24796461873,51355.65803292235,1754.4794416351294,12418.399999999998,9600.0,200.0,0.0,13877.526410834143,7692.334079464739,30995.04601045037
summer_peak__C__f02,summer_peak,2020-08-26,C,dc_flex,f02,0.5,1.2511,0.5,0.3535,800.0,emergent,0.2,1.0,False,177476.9772562,gurobi,0.0002843770943065,10.0,1.3,2815336.373594744,2815336.3735761084,2743875.1473561204,74269.01156400001,0.0,-5452.001397179712,2644.216053150655,0.0,1.7229467630386353e-08,58670.519351880415,54520.01397179713,4150.505380083287,7.074260507547836,25.0,0.0,13.0,0.0,12.0,51.276524192444455,56.56770390213134,1536.159203931982,1694.6741294013511,28396.0,285,719,500.0,484.5535061882101,500.0,18,0.9691070123764204,23.403708605480748,31.48823231633544,8.084523710854691,31.253731860711333,10.712169069065048,0.0,0.0,0.0,0.0,0.0,,,1272.5066634316588,1654.2586624611567,169.72887179304706,13.33815190682988,578.8026440219161,45.48523482470559,3.0099727063899544,1.0,7.105427357601002e-15,68980.30334145408,46682.79324475912,22145.06805853048,0.0,152.44203816448,2622.494665025208,46150.836931335536,54020.50639247462,2284.8357818222767,12418.399999999998,9600.0,184.0,0.0,13760.301074457431,7692.334079464739,30444.884152849747
summer_peak__C__f08,summer_peak,2020-08-26,C,dc_flex,f08,0.5,1.2511,0.5,0.3535,800.0,emergent,0.8,1.0,False,168836.9772562,gurobi,0.0001413276016696,9.2,2.6,2687054.8650318948,2687054.865042721,2613678.200419609,68272.53901800001,0.0,-5509.215775426527,10613.341380523903,0.0,1.4435499906539917e-08,58670.519351880415,55092.15775426527,3578.3615976151395,6.099079464685958,19.0,0.0,8.0,0.0,11.0,51.09058386761139,57.43855229637104,1453.9528658991076,1634.6054674342258,26688.0,268,683,500.0,476.6521180950756,500.0,16,0.9533042361901513,29.40548576805686,33.886873856387176,4.481388088330319,23.49225003466381,6.847263369817076,0.0,0.0,0.0,0.0,0.0,,,5090.026646999982,6617.034641099978,705.2873121997668,13.856259723423197,2347.6468542101,46.122486521633085,3.002936868389629,1.0,2.8421709430404014e-14,67127.15845311379,46630.68207520453,20318.864555952143,0.0,177.61182195712,2622.494665025208,46101.21606669144,50771.470972489966,1297.84417924001,12418.399999999998,9600.0,216.0,0.0,13744.15806885554,7692.334079464739,31033.170940919787
summer_peak__C__hist,summer_peak,2020-08-26,C,history,hist,0.5,1.2511,0.5,0.3535,800.0,emergent,0.5,1.0,False,173156.9772562,gurobi,0.0002799494318371,19.1,1.4,2835008.930463741,2835008.9304637667,2588190.6549786967,248441.684031,0.0,-5666.9708387054925,4043.562292755745,0.0,2.0023435354232788e-08,58670.519351880415,56669.708387054925,2000.8109648254865,3.410249281799412,31.0,1.0,16.0,0.0,14.0,22.405886806494184,77.08923130374204,592.8224217551586,2039.6525782448407,9280.0,120,635,500.0,458.994963607646,500.0,14,0.917989927215292,32.56167966732442,34.20005068844728,1.638371021122853,12.908469565553318,3.0849717350250927,0.0,0.0,0.0,0.0,0.0,,,3181.266655479624,4135.646652123511,316.6247680369145,9.952789323445714,1675.6803432852846,52.673369596320455,3.404518149261847,1.0,1.4210854715202004e-14,70384.66742371087,51836.24665745474,18364.17648578764,0.0,184.24428046848,2622.494665025208,51133.23960499665,45436.95479527924,1851.467477600314,12418.399999999998,9600.0,224.0,0.0,13877.526410834143,7692.334079464739,32477.353231730835
summer_peak__C__mig05,summer_peak,2020-08-26,C,migration_cost,mig05,0.5,1.2511,0.5,0.3535,800.0,emergent,0.5,1.0,False,173156.9772562,gurobi,0.000391439077345,7.9,1.5,2746882.3311888226,2746882.3311888403,2661568.369065471,85319.989302,0.0,-5525.329210651476,5519.302032003698,0.0,1.7229467630386353e-08,58670.519351880415,55253.29210651475,3417.2272453656574,5.824436672991771,23.0,0.0,11.0,0.0,12.0,48.8321868527236,58.66766884713211,1410.029395372394,1694.0289379609396,25926.0,258,693,500.0,481.9104337159768,500.0,18,0.9638208674319536,23.3695006186919,30.21670446253533,6.847203843843427,30.95427721465436,8.92911848663066,0.0,0.0,0.0,0.0,0.0,,,3181.266655479621,4135.646652123507,671.3547243154828,21.103377900092017,1373.3247033448956,43.16911633230718,2.779211612253989,1.0,0.0,68330.96183358434,47396.63053460942,20769.69844964372,0.0,164.63284933120002,2622.494665025208,46860.50224455549,51275.64001546569,1724.5522510413623,12418.399999999998,9600.0,200.0,0.0,13877.526410834143,7692.334079464739,31060.936951190663
summer_peak__C__mig20,summer_peak,2020-08-26,C,migration_cost,mig20,0.5,1.2511,0.5,0.3535,800.0,emergent,0.5,1.0,False,173156.9772562,gurobi,0.0004335890243066,8.2,1.3,2756630.911922761,2756630.911922777,2667756.4070894984,85319.989302,0.0,-5507.675884626872,9062.191415891328,0.0,1.4435499906539917e-08,58670.519351880415,55076.75884626873,3593.7605056116845,6.125325879694131,23.0,0.0,11.0,0.0,12.0,48.7072837065774,58.42098028194484,1414.5406976451852,1696.6426356881475,26122.0,262,697,500.0,478.73569366505,500.0,18,0.9574713873301,30.450152380647623,35.09101935016454,4.640866969516906,25.846269357620955,6.4848428443911095,0.0,0.0,0.0,0.0,0.0,,,3181.2666554796224,4135.64665212351,320.99783856996214,10.09025251049152,1590.5683230349837,49.99795664080169,3.1836753860779834,1.0,0.0,68300.29085063236,47238.67763493287,20890.55634245277,0.0,171.05687324672002,2622.494665025208,46690.562095399175,51549.25910834862,1789.602052767753,12418.399999999998,9600.0,208.0,0.0,13744.15806885554,7692.334079464739,31017.772032923232
summer_peak__C__reson,summer_peak,2020-08-26,C,reserve_from_flex,reson,0.5,1.2511,0.5,0.3535,800.0,emergent,0.5,1.0,True,173156.9772562,gurobi,0.0004937562757673,16.8,3.0,2745736.816169125,2745736.816169144,2660174.290918657,85268.242302,0.0,-5518.633487584774,5812.916436053357,0.0,1.816079020500183e-08,58670.519351880415,55186.33487584774,3484.1844760326703,5.938560821553391,22.0,0.0,11.0,0.0,11.0,49.86497208627491,58.9114471276989,1427.3848259696194,1686.3401740303807,26556.15445432136,251,687,500.0,486.48577756089554,500.0,19,0.9729715551217912,21.90485765330375,29.347427741780688,7.442570088476939,30.95427721465436,9.12515711080094,0.0,0.0,0.0,0.0,0.0,,,3181.2666554796224,4135.646652123511,378.7927880761604,11.906980115096696,1413.8323804635747,44.442435469164366,2.956609265991644,1.0,1.4210854715202004e-14,68318.45333322893,47351.37187689313,20842.00647418668,0.0,125.07498214912,2622.494665025208,46814.93752419333,51354.91511247966,1802.311540056144,12418.399999999998,9600.0,152.0,0.0,13877.526410834143,7692.334079464739,30993.97972052365
summer_peak__C__vre30,summer_peak,2020-08-26,C,vre_share,vre30,0.3,0.7506,0.3,0.2121,800.0,emergent,0.5,1.0,False,173156.9772562,gurobi,0.000322344035099,5.8,1.4,3351146.770128957,3351146.7701289584,3225612.990814337,124635.15741600002,0.0,-3520.231161112825,4418.8530597333065,0.0,4.656612873077393e-10,35202.31161112825,35202.31161112825,0.0,0.0,22.0,0.0,22.0,0.0,0.0,32.90507033490925,66.6064448166059,1131.1117927625055,2289.596540570828,21798.0,226,825,500.0,428.0748769638967,500.0,9,0.8561497539277935,32.7258982686483,33.09271127702698,0.3668130083786742,2.122664998262102,0.6545145972021165,0.0,0.0,0.0,0.0,0.0,,,3181.266655479623,4135.64665212351,270.5845840400069,8.505561254160643,1529.92802721082,48.09178836283879,3.10815799526984,1.0,0.0,80589.45093742824,53636.991685499386,26952.45925192885,0.0,0.0,1573.4967990151242,52900.67562149293,60266.73010653556,6928.911245671386,12418.399999999998,9600.0,0.0,0.0,8326.515846500486,4615.400447678844,20686.89851793379
summer_peak__C__vre70,summer_peak,2020-08-26,C,vre_share,vre70,0.7,1.7515,0.7,0.4949,800.0,emergent,0.5,1.0,False,173156.9772562,gurobi,0.0004997725614847,10.2,1.3,2341447.5500839152,2341447.5500839143,2207826.3691437664,135365.13180000003,0.0,-7160.795741647463,5416.844881796631,0.0,-1.3969838619232178e-09,82138.72709263254,71607.95741647462,10530.769676157934,12.82071204278803,18.0,0.0,8.0,0.0,10.0,52.70782724537636,52.53748019798934,1357.2265515684412,1352.8401150982256,25536.0,247,618,500.0,453.1241679760189,500.0,11,0.9062483359520378,25.3497945732346,30.792741818130207,5.442947244895603,27.13642716031392,12.501364873892904,0.0,0.0,0.0,0.0,0.0,,,3181.266655479621,4135.646652123507,367.9133090034053,11.56499435121817,1479.763288989475,46.51490897314862,3.0789353973495066,1.0,1.4210854715202004e-14,60378.16194916515,44875.40039298063,15384.577979147722,0.0,118.1835770368,3631.476910357605,44358.580739937504,38223.34429097573,1010.2377314441844,12418.399999999998,9592.0,144.0,0.0,18796.30187126196,10685.961412745532,38494.21722210952
summer_peak__C__w05,summer_peak,2020-08-26,C,window_scale,w05,0.5,1.2511,0.5,0.3535,800.0,emergent,0.5,0.5,False,173156.9772562,gurobi,0.0004514618652821,9.1,1.8,2714573.9577563354,2714573.957756351,2624574.7518662354,90881.72973000002,0.0,-5501.160607346202,4618.636767446922,0.0,1.5366822481155396e-08,58670.519351880415,55011.60607346201,3658.913278418397,6.236374449787664,22.0,0.0,12.0,0.0,10.0,50.85419880530558,57.25248724120604,1457.8203657520933,1641.23796758124,27526.0,267,688,500.0,464.1892611562986,500.0,16,0.9283785223125972,29.07262947813075,34.00675259739823,4.934123119267482,30.95427721465436,7.207952795149602,0.0,0.0,0.0,0.0,0.0,,,1962.366691280676,2551.0766986648778,284.6774383555709,14.506842152410634,811.0469922581437,41.330042741850654,1.633567762636571,1.0,0.0,67329.02154897581,46640.5115349682,20557.60205646265,0.0,130.90795754496,2622.494665025208,46100.09087805267,50649.5975807408,1804.0227631562884,12418.399999999998,9600.0,160.0,0.0,13724.29898753124,7692.334079464739,30972.478341440823
summer_peak__C__w20,summer_peak,2020-08-26,C,window_scale,w20,0.5,1.2511,0.5,0.3535,800.0,emergent,0.5,2.0,False,173156.9772562,gurobi,0.0004588100906598,10.7,2.5,2739965.407885621,2739965.407885641,2654564.603240557,85268.242302,0.0,-5525.269113319505,5657.831456384859,0.0,1.7695128917694092e-08,58670.519351880415,55252.691133195054,3417.8282186853617,5.825460992064354,22.0,0.0,11.0,0.0,11.0,50.06069365058383,58.246686957230935,1441.3308046897262,1677.019195310274,26534.0,256,691,500.0,478.5995874978266,500.0,18,0.9571991749956532,23.02335034058829,30.687024976945462,7.663674636357167,30.95427721465435,10.154118227980227,0.0,0.0,0.0,0.0,0.0,,,3114.74606764386,4049.1698879370174,307.85277769699053,9.883719924875445,1689.8358471442937,54.252764445178826,3.7210087364875006,1.0,0.0,68424.39787390949,47624.684694025054,20667.77988669531,0.0,131.93329318912,2622.494665025208,47082.482975387786,50981.261527561175,1750.7161844976008,12418.399999999998,9600.0,160.0,0.0,13877.526410834143,7692.334079464739,31060.33597787096
summer_peak__D__base,summer_peak,2020-08-26,D,base,base,0.5,1.2511,0.5,0.3535,800.0,emergent,0.5,1.0,False,173156.9772562,gurobi,0.0003114465086865,7.0,1.5,2679835.203559416,2679835.203559432,2657695.9634153573,17564.920284000003,0.0,-5526.958931692185,7151.0245654199625,2950.2542263337245,1.30385160446167e-08,58670.519351880415,55269.58931692185,3400.930034958566,5.796659161241198,14.0,0.0,3.0,0.0,11.0,54.35296212231732,57.92874879213696,1535.4711799554643,1636.487153377869,28848.15445432136,266,678,500.0,494.536060548042,500.0,21,0.989072121096084,23.293217586658034,31.20617892445195,7.912961337793921,24.366332907053,8.985787918557728,35.12207412302053,737.5635565834311,0.921954445729289,0.9219544457292888,1475.1271131668625,,,3181.266655479623,4135.64665212351,458.4942002196552,14.41231590661898,1442.8436501861188,45.35437630482406,2.936576154749316,1.0,1.4210854715202004e-14,68173.80705988088,47228.81079121684,20793.546472071408,0.0,151.44979659264,2622.494665025208,46701.055567779775,52593.48865701162,823.1474562774517,12418.399999999998,9600.0,184.0,0.0,13760.301074457431,7692.334079464739,31194.459497974465
summer_peak__D__dedicated,summer_peak,2020-08-26,D,vpl_mode,dedicated,0.5,1.2511,0.5,0.3535,800.0,dedicated,0.5,1.0,False,173156.9772562,gurobi,0.0004976619872967,12.4,2.2,2721206.7569061075,2721206.7569061266,2655268.4949974963,62659.05159,0.0,-5519.229117681445,6542.889667367802,2255.5497689259864,1.7695128917694092e-08,58670.519351880415,55192.291176814455,3478.2281750659627,5.928408702512166,19.0,0.0,7.0,0.0,12.0,48.33486563102522,60.47335757014952,1371.5018122803406,1715.9315210529924,25914.15445432136,243,681,500.0,464.48213692156384,500.0,13,0.9289642738431276,25.08761219203991,31.653983216903345,6.566371024863439,29.430977762115337,12.53590828435974,9.828837266384092,127.7748844629932,0.5,0.9097186055787416,1127.7748844629932,16.0,0.0,3181.2666554796224,4135.646652123511,438.644499684698,13.788360020973029,1435.9784668582113,45.13857599408675,2.983972981270428,1.0,7.105427357601003e-14,69155.54280718614,48736.84107998134,20233.994420022707,0.0,184.70730718208,2622.494665025208,48167.38954457854,50787.42399425902,1141.542966434259,12418.399999999998,9600.0,224.0,0.0,13877.526410834143,7692.334079464739,30999.93602149036
summer_peak__D__explicit,summer_peak,2020-08-26,D,vpl_mode,explicit,0.5,1.2511,0.5,0.3535,800.0,explicit,0.5,1.0,False,173156.9772562,gurobi,0.0003886084568411,10.2,2.5,2719591.267814232,2719591.267814247,2681016.180371201,34612.370568000006,0.0,-5447.643684568777,7082.300505750098,2328.0600538513195,1.3504177331924438e-08,58670.519351880415,54476.43684568777,4194.082506192639,7.148534822128205,18.0,0.0,6.0,0.0,12.0,52.18218697146825,58.016076414928285,1502.4121332201896,1670.379533446477,28456.15445432136,269,691,500.0,485.8167929887004,500.0,15,0.9716335859774008,25.098364797245257,31.78934355634571,6.690978759100446,27.011817790074364,10.691763727674102,9.17090377222874,137.5635565834311,0.5330830879277858,0.921954445729289,1164.0300269256595,10.0,11.0,3181.266655479623,4135.646652123511,467.4652461543093,14.694311944870025,1455.4943288401755,45.752037991946914,2.961588134476737,1.0,0.0,68867.38419196769,47811.34307078872,20871.33381399689,0.0,184.70730718208,2622.494665025208,47264.25047188527,52404.688706273424,1142.1696245567482,12418.399999999998,9600.0,224.0,0.0,13760.301074457431,7692.334079464739,30401.3070267404
summer_peak__D__f02,summer_peak,2020-08-26,D,dc_flex,f02,0.5,1.2511,0.5,0.3535,800.0,emergent,0.2,1.0,False,177476.9772562,gurobi,0.0003278686806002,6.6,1.4,2742812.693250592,2742812.6932506086,2707842.3396682166,34560.62356800001,0.0,-5527.615360333814,2775.7778464716,3161.567528239965,1.4435499906539917e-08,58670.519351880415,55276.15360333814,3394.365748542274,5.785470771418156,17.0,0.0,6.0,0.0,11.0,51.79179709367905,60.00176073941026,1473.908225624283,1707.5501077090505,27870.0,255,683,500.0,488.6494376866711,500.0,18,0.977298875373342,31.650638465560466,36.55929313650552,4.908654670945058,24.366332907053,6.477677015852194,29.864642032412835,537.563556583431,1.0540252594206898,0.9219544457292886,1580.7837641199826,,,1272.5066634316588,1654.2586624611567,177.66652354458117,13.961932668034546,570.9310461850249,44.86664491369772,2.9884916881144115,1.0,7.105427357601002e-15,69463.25005689808,48064.13911757629,21267.27692834964,0.0,131.83401097216,2622.494665025208,47507.6816073747,53449.74719298309,1041.7737846594082,12418.399999999998,9600.0,160.0,0.0,13746.646948481568,7692.334079464739,31214.67791036662
summer_peak__D__f08,summer_peak,2020-08-26,D,dc_flex,f08,0.5,1.2511,0.5,0.3535,800.0,emergent,0.8,1.0,False,168836.9772562,gurobi,0.0002414803469166,9.9,2.3,2620052.8369739163,2620052.8369739307,2598491.0056583053,11589.203856000002,0.0,-5530.2126841260215,12552.585917404487,2950.254226333724,1.30385160446167e-08,58670.519351880415,55302.12684126021,3368.3925106201973,5.741201114000773,7.0,0.0,2.0,0.0,5.0,56.94209500072547,57.702281898970575,1561.162437936557,1582.00422873011,29062.0,264,658,500.0,488.9524229157484,500.0,19,0.9779048458314968,21.59945614745325,31.28187979533336,9.682423647880103,31.378014131198203,11.972597224838225,28.292818767549008,537.5635565834311,0.9219544457292888,0.9219544457292888,1475.127113166862,,,5090.026646999982,6617.034641099977,801.7305474528171,15.751008846394749,2398.411884723327,47.11982964051731,2.9366041416876283,1.0,0.0,66795.8990052898,46297.13347761815,20434.775526151017,0.0,63.99000152064,2622.494665025208,45768.52868675618,51892.72746099523,698.8453417712304,12418.399999999998,9600.0,80.0,0.0,13760.301074457431,7692.334079464739,31226.99702231284
summer_peak__D__hist,summer_peak,2020-08-26,D,history,hist,0.5,1.2511,0.5,0.3535,800.0,emergent,0.5,1.0,False,173156.9772562,gurobi,0.0004697117125814,5.6,1.4,2788488.4817033294,2788488.481706294,2574754.1566335782,214139.795463,0.0,-5655.191060223797,2346.3803336560563,2903.340336263973,1.9557774066925052e-08,58670.519351880415,56551.91060223797,2118.608749642445,3.611027775186283,19.0,1.0,10.0,0.0,8.0,20.40566946434292,83.89869295176447,506.7407916978491,2083.484208302151,7744.0,80,596,500.0,471.7120720643749,500.0,14,0.94342414412875,34.33278531201979,35.344320128783274,1.0115348167634803,12.8546657285318,1.633082230274176,52.68311118453079,737.563556583431,0.8535891107156077,0.9609985994493754,1451.6701681319864,,,3181.266655479624,4135.646652123511,216.7516083443004,6.813374413960335,1662.3161328692613,52.25327873744813,3.4558367405771864,1.0,0.0,70753.68401737718,52513.95543773092,18142.05374758481,0.0,97.67483206144,2622.494665025208,51800.910297516406,46190.8476701678,909.863031567414,12418.399999999998,9600.0,120.0,0.0,13877.526410834143,7692.334079464739,32359.55544691388
summer_peak__D__mig05,summer_peak,2020-08-26,D,migration_cost,mig05,0.5,1.2511,0.5,0.3535,800.0,emergent,0.5,1.0,False,173156.9772562,gurobi,0.0004911466935657,8.2,1.3,2676451.367927521,2676451.367927535,2657453.029688002,17564.920284000003,0.0,-5526.00550598559,4009.169235172153,2950.2542263337245,1.210719347000122e-08,58670.519351880415,55260.05505985591,3410.464292024512,5.812909668602082,14.0,0.0,3.0,0.0,11.0,54.287450279810486,57.96328718331636,1533.620470404646,1637.4628629286872,28934.0,266,678,500.0,493.8356237146465,500.0,21,0.987671247429293,23.376995967184303,29.56584585278385,6.1888498855995495,24.366332907053,7.018015908831491,35.12207412302053,737.5635565834311,0.9219544457292888,0.921954445729289,1475.1271131668625,,,3181.2666554796224,4135.646652123511,495.6992092343631,15.581818907903816,1440.8354732384144,45.29125123028039,2.8778539911366185,1.0,2.8421709430404014e-14,68216.44655313352,47304.5011453391,20753.670394234105,0.0,158.27501356032002,2622.494665025208,46777.26713845633,52573.34400925309,768.4975625790728,12418.399999999998,9600.0,192.0,0.0,13760.301074457431,7692.334079464739,31184.92524090852
summer_peak__D__mig20,summer_peak,2020-08-26,D,migration_cost,mig20,0.5,1.2511,0.5,0.3535,800.0,emergent,0.5,1.0,False,173156.9772562,gurobi,0.0004673546205403,10.4,1.3,2686710.3656988265,2686710.3656988386,2657876.4231026205,23126.660712000004,0.0,-5521.610577126044,8278.638234997923,2950.2542263337245,1.210719347000122e-08,58670.519351880415,55216.10577126044,3454.41358061998,5.887818309399819,13.0,0.0,4.0,0.0,9.0,54.48048880668159,58.16004373769712,1534.5337680548648,1638.1745652784684,28812.15445432136,266,676,500.0,488.8971776576468,500.0,19,0.9777943553152936,20.941854796612983,30.56648082729393,9.62462603068094,31.378602650936944,12.058705056631942,28.292818767549008,537.5635565834311,0.921954445729289,0.921954445729289,1475.1271131668625,,,3181.266655479623,4135.646652123511,263.31467302975096,8.27703872532032,1575.4130174418729,49.52156446012716,3.03336188897201,1.0,0.0,68047.94816326967,47005.97034514827,20917.92817161643,0.0,124.04964650496,2622.494665025208,46475.46789182741,52859.86676870531,866.8549061505207,12418.399999999998,9600.0,152.0,0.0,13760.301074457431,7692.334079464739,31140.97595231305
summer_peak__D__reson,summer_peak,2020-08-26,D,reserve_from_flex,reson,0.5,1.2511,0.5,0.3535,800.0,emergent,0.5,1.0,True,173156.9772562,gurobi,0.0004979969851877,16.5,2.4,2674611.327981955,2674611.3279819707,2659281.446502277,12655.192056000002,0.0,-5527.528895532653,5203.953373327942,2998.2649458844767,1.3504177331924438e-08,58670.519351880415,55275.28895532654,3395.230396553874,5.786944506474793,15.0,0.0,2.0,0.0,13.0,54.15717388817527,58.23631723608508,1525.427064516937,1640.322935483063,29622.15445432136,270,676,500.0,490.5186287737032,500.0,18,0.9810372575474064,20.927688031880976,28.699456900350544,7.771768868469567,24.366332907053,10.191686528103329,18.753530921301728,337.5635565834311,0.9519611454485092,0.9219544457292888,1499.1324729422383,,,3181.266655479623,4135.64665212351,296.5189314947248,9.320782053399425,1371.1240314458917,43.0999403675947,2.846974831895181,1.0,1.4210854715202004e-14,68186.1936179336,47228.810791216834,20793.992872001552,0.0,163.38995471521918,2622.494665025208,46701.05556777977,52729.31203459433,669.3828492194205,12418.399999999998,9600.0,176.0,20.0,13746.646948481568,7692.334079464739,31213.81326235502
summer_peak__D__soc50,summer_peak,2020-08-26,D,soc_initial,soc50,0.5,1.2511,0.5,0.3535,800.0,emergent,0.5,1.0,False,173156.9772562,gurobi,0.0003303707468823,6.4,1.3,2686353.22318866,2686353.223188675,2663195.536818627,17513.173284000004,0.0,-5527.9662039678815,7940.009345970415,3232.46994403139,1.4435499906539917e-08,58670.519351880415,55279.66203967882,3390.8573122015946,5.779490874905501,13.0,0.0,3.0,0.0,10.0,54.36678806294338,58.06304945552044,1533.5964799421945,1637.8618533911388,28644.15445432136,271,677,500.0,495.3541274504026,500.0,22,0.9907082549008052,26.91693551814323,34.91001850635223,7.993082988209005,24.366332907053003,8.664748449985193,29.42969062381724,647.4531937239792,1.2109772228646445,0.809316492154974,1616.234972015695,,,3181.266655479623,4135.646652123511,507.1072149824428,15.940418389919246,1378.0275148471906,43.31694460360892,2.921605945172427,1.0,1.4210854715202004e-14,67655.80599960542,46364.34404492857,21146.837375051884,0.0,144.62457962496,2622.494665025208,45847.48144268711,53512.43887728585,790.7641614143696,12418.399999999998,9600.0,176.0,0.0,13760.301074457431,7692.334079464739,31204.532220731435
summer_peak__D__vpl100,summer_peak,2020-08-26,D,vpl_size,vpl100,0.5,1.2511,0.5,0.3535,400.0,emergent,0.5,1.0,False,173156.9772562,gurobi,0.0003300988151683,6.3,1.2,2713567.952200568,2713567.952200586,2647721.867556374,62659.05159,0.0,-5563.867314350703,7275.773255378688,1475.1271131668625,1.7695128917694092e-08,58670.519351880415,55638.67314350704,3031.8462083733766,5.167580314381868,19.0,0.0,7.0,0.0,12.0,49.835965196283226,59.218873513394186,1416.1720109943817,1682.802989005618,26370.15445432136,255,682,500.0,483.8712939721231,500.0,19,0.9677425879442464,24.35317848113111,31.757137203002348,7.40395872187124,30.7474301463678,9.28870965829304,19.409567278511343,368.7817782917156,0.921954445729289,0.921954445729289,737.5635565834311,,,3181.266655479621,4135.646652123509,474.3518732130029,14.910786318271946,1472.393913095214,46.28325986314497,3.000807525744189,1.0,1.4210854715202004e-14,68382.62773254076,47773.439627305015,20424.480798053664,0.0,184.70730718208,2622.494665025208,47233.193954383605,51201.91456675646,1144.16321499477,12418.399999999998,9600.0,224.0,0.0,13877.526410834143,7692.334079464739,31446.317988182946
summer_peak__D__vpl100_f02,summer_peak,2020-08-26,D,vpl_x_fd,vpl100_f02,0.5,1.2511,0.5,0.3535,400.0,emergent,0.2,1.0,False,177476.9772562,gurobi,0.0002680470429573,10.9,1.4,2777465.807252084,2777465.807252106,2693600.725253671,85216.49530200002,0.0,-5570.311458987396,2743.7710422349896,1475.1271131668625,2.0023435354232788e-08,58670.519351880415,55703.11458987396,2967.4047620064493,5.05774415291816,21.0,0.0,11.0,0.0,10.0,47.79740656979216,60.89939575578924,1370.1923216673752,1745.7826783326248,25298.0,244,688,500.0,482.2174825796754,500.0,17,0.9644349651593508,26.809273222722425,33.66209182531264,6.852818602590209,26.14414015290325,9.617430025220823,15.810692840689148,268.7817782917155,0.921954445729289,0.9219544457292888,737.5635565834311,,,1272.5066634316602,1654.2586624611586,177.41051833803004,13.9418144860314,592.6372929051107,46.57243140141232,2.970934913647603,1.0,0.0,69502.10633828025,48383.54156091269,21000.38120033077,0.0,118.1835770368,2622.494665025208,47825.646467980376,52005.7174776568,1611.4203343458196,12418.399999999998,9600.0,144.0,0.0,13877.526410834143,7692.334079464739,31510.75943454987
summer_peak__D__vpl100_f08,summer_peak,2020-08-26,D,vpl_x_fd,vpl100_f08,0.5,1.2511,0.5,0.3535,400.0,emergent,0.8,1.0,False,168836.9772562,gurobi,0.0002067876616803,8.4,1.3,2652293.181612592,2652293.181612612,2593936.723444336,51225.088734,0.0,-5561.06367513158,11217.305996223042,1475.1271131668625,1.7229467630386353e-08,58670.519351880415,55610.63675131581,3059.8826005646147,5.2153664810989,15.0,0.0,5.0,0.0,10.0,52.23213084424463,58.462621779443545,1451.6179697129649,1624.7736969537018,26888.0,257,667,500.0,484.5238294508258,500.0,19,0.9690476589016516,23.011273166913725,30.537349045567368,7.526075878653643,30.747430146367787,9.273020721168878,14.1464093837745,268.7817782917155,0.921954445729289,0.9219544457292888,737.5635565834311,,,5090.026646999982,6617.034641099978,726.5923952931685,14.27482497997168,2323.515697207165,45.64839947501307,2.9602972189426726,1.0,0.0,67223.84928242365,47123.81117364328,19949.489980509006,0.0,150.54812827136,2622.494665025208,46591.09486073977,50401.06256229524,826.4113038538337,12418.399999999998,9600.0,184.0,0.0,13877.526410834143,7692.334079464739,31418.281595991702
summer_peak__D__vpl400,summer_peak,2020-08-26,D,vpl_size,vpl400,0.5,1.2511,0.5,0.3535,1600.0,emergent,0.5,1.0,False,173156.9772562,gurobi,0.000424782149254,7.4,1.4,2645804.316103343,2645804.3161038486,2633924.8254283075,11330.468856,0.0,-5533.33679802299,132.87428089783998,5949.484336654725,1.164153218269348e-08,58670.519351880415,55333.3679802299,3337.151371650517,5.687952669441573,2.0,0.0,2.0,0.0,0.0,53.55897907646672,62.42092818783004,1443.8608109364152,1682.7641890635848,27804.15445432136,225,647,500.0,489.0585620590694,500.0,19,0.9781171241181388,27.138526879326392,28.49354091710221,1.3550140377758204,6.745019387910133,1.7906708748518143,59.38722688495495,1128.357310814144,0.9372594094753128,0.9219544457292886,2974.7421683273624,,,3181.2666554796224,4135.64665212351,15.938934987141057,0.5010248027994381,1636.1317339303596,51.43019781482885,3.3966500518166582,1.0,1.4210854715202004e-14,69183.10110168652,48943.44804385412,20239.653057832405,0.0,0.0,2622.494665025208,48349.84501947464,51484.77503936313,665.7204786882667,12418.399999999998,9600.0,0.0,0.0,13877.526410834143,7692.334079464739,31141.012824905803
summer_peak__D__vpl400_f02,summer_peak,2020-08-26,D,vpl_x_fd,vpl400_f02,0.5,1.2511,0.5,0.3535,1600.0,emergent,0.2,1.0,False,177476.9772562,gurobi,0.0004860947570479,5.7,1.5,2698014.033254084,2698014.033254097,2686223.9624518547,11537.456856000004,0.0,-5537.280630785943,362.7566257729553,5427.137951243129,1.2572854757308962e-08,58670.519351880415,55372.80630785943,3297.713044020989,5.620732661735499,6.0,0.0,2.0,0.0,4.0,51.58137011886369,63.97299435280553,1403.4431119840829,1740.598554682584,26924.0,222,653,500.0,487.5217451166687,500.0,20,0.9750434902333374,27.76775258568594,29.456459512433444,1.6887069267475077,8.287103511382828,1.965972021229917,73.7563556583431,1475.127113166862,0.7740261640341888,0.9219544457292888,2713.5689756215643,,,1272.5066634316588,1654.2586624611567,37.72710411291619,2.964786369854821,646.0496176519888,50.76984162186948,3.33818084714317,1.0,0.0,70231.64245178158,49451.6961920616,20754.50620767005,0.0,25.44005204992,2622.494665025208,48841.03546335992,52724.26888539038,663.0609636316995,12418.399999999998,9600.0,32.0,0.0,13877.526410834143,7692.334079464739,31180.45115253533
summer_peak__D__vpl400_f08,summer_peak,2020-08-26,D,vpl_x_fd,vpl400_f08,0.5,1.2511,0.5,0.3535,1600.0,emergent,0.8,1.0,False,168836.9772562,gurobi,0.0004778894323984,9.6,1.6,2592366.721203098,2592366.721203113,2560968.3681786903,22660.937712000003,0.0,-5533.17134579745,8361.696349311567,5908.890308897364,1.0710209608078005e-08,58670.519351880415,55331.7134579745,3338.805893905917,5.690772692638364,4.0,0.0,4.0,0.0,0.0,48.06541428272361,63.56421534690602,1297.7661856335374,1716.2338143664626,23946.0,196,648,500.0,493.9365488892253,500.0,20,0.9878730977784508,27.199805298078164,32.72207190629408,5.522266608215923,15.17851525411718,6.4196163371885975,38.47575930783099,769.5151861566198,0.9219544457292888,0.9245737758011372,2954.445154448682,,,5090.026646999983,6617.034641099978,498.587416294327,9.795379295080703,2332.648894466284,45.82783266647781,2.859774309196171,1.0,0.0,69012.40576271503,50144.244467643126,18868.1612950719,0.0,0.0,2622.494665025208,49513.39705560807,47772.45133210824,1375.7631570787985,12418.399999999998,9600.0,0.0,0.0,13868.689086120969,7692.334079464739,31148.195627363577
summer_peak__D__vpl650,summer_peak,2020-08-26,D,vpl_size,vpl650,0.5,1.2511,0.5,0.3535,2600.0,emergent,0.5,1.0,False,173156.9772562,gurobi,0.0003853295973246,6.4,1.3,2624753.2008007057,2624753.200800721,2605638.2432684577,11330.468856,0.0,-5534.15243681026,4662.139152063079,8656.501960997706,1.2572854757308962e-08,58670.519351880415,55341.52436810261,3328.99498377781,5.674050648524069,2.0,0.0,2.0,0.0,0.0,45.36196812142399,68.90152394206807,1190.75166318738,1808.6650034792865,22554.0,170,630,500.0,497.4169119704016,500.0,22,0.9948338239408032,29.542621868224085,32.43761954362837,2.8949976754042885,14.628261531811212,3.1221024704197973,108.95825267709778,2397.081558896151,0.7427574698471928,0.921954445729289,4328.250980498853,,,3181.266655479623,4135.64665212351,271.12264304170225,8.522474611636305,1510.1162425516322,47.46902432559398,3.006970505946109,1.0,0.0,70131.76837357423,50870.45569072345,19261.312682850777,0.0,0.0,2622.494665025208,50192.63011443692,49855.64716264953,691.6828064164295,12418.399999999998,9600.0,0.0,0.0,13861.293715036329,7692.334079464739,31165.40190857632
summer_peak__D__vre30,summer_peak,2020-08-26,D,vre_share,vre30,0.3,0.7506,0.3,0.2121,800.0,emergent,0.5,1.0,False,173156.9772562,gurobi,0.0004395895421763,7.3,1.9,3312017.13089774,3312017.13089474,3207499.410826278,101974.21970400002,0.0,-3520.231161112825,3113.477299239056,2950.2542263337245,1.862645149230957e-09,35202.31161112825,35202.31161112825,0.0,0.0,18.0,0.0,18.0,0.0,0.0,31.802216407675985,70.04596426986478,1056.0986032049066,2326.1097301284267,20902.0,208,797,500.0,433.1344548421387,500.0,7,0.8662689096842775,31.796342488376595,32.09693186593475,0.3005893775581494,3.575014433044423,0.9099546026999308,62.35452143568184,436.4816500497729,0.921954445729289,0.921954445729289,1475.1271131668625,,,3181.266655479623,4135.646652123511,154.90956774756566,4.86943046665828,1648.4414249691222,51.8171408903978,3.2496631953709096,1.0,5.839845300670277e-07,81592.96797729071,55441.27197594525,26151.69600134545,0.0,0.0,1573.4967990151242,54605.32411823694,60298.09633110903,5453.213073736264,12418.399999999998,9600.0,0.0,0.0,8326.515846500486,4615.400447678844,20686.89851793379
summer_peak__D__vre70,summer_peak,2020-08-26,D,vre_share,vre70,0.7,1.7515,0.7,0.4949,800.0,emergent,0.5,1.0,False,173156.9772562,gurobi,0.0003968788771013,7.9,1.2,2272251.596821123,2272251.5968211205,2201468.3092263406,68044.79490000001,0.0,-7217.763624364711,6680.815652440987,3275.4406667055423,-1.862645149230957e-09,82138.72709263254,72177.63624364711,9961.090848985448,12.127155121057276,16.0,0.0,4.0,0.0,12.0,56.88146248700458,49.7795326975861,1476.547963725161,1292.193702941506,27920.0,277,623,500.0,482.0945824528024,500.0,17,0.9641891649056048,21.14807625250297,30.94169974281462,9.793623490311644,31.97789805909116,12.52545547540602,14.169228438567664,240.87688345565027,1.1079951052402035,0.9391553114507604,1637.7203333527711,,,3181.266655479621,4135.646652123508,424.9572884474098,13.358115947791916,1356.4343448635082,42.63818446426353,2.948233698650768,1.0,1.4210854715202004e-14,60031.925134581455,44560.51878442685,15312.139095022429,0.0,159.26725513216002,3671.492531035289,44089.60218886791,38497.37878763188,667.6678940963618,12418.399999999998,9596.0,192.0,0.0,18802.6015785168,10694.211791385404,39009.33034270962
summer_peak__D__w05,summer_peak,2020-08-26,D,window_scale,w05,0.5,1.2511,0.5,0.3535,800.0,emergent,0.5,0.5,False,173156.9772562,gurobi,0.000372446818381,12.9,2.7,2645765.895168167,2645765.89517315,2592494.776956944,51225.088734,0.0,-5575.716734178818,4671.491990036903,2950.254226333724,1.4435499906539917e-08,58670.519351880415,55757.16734178818,2913.352010092232,4.965614830540711,15.0,0.0,5.0,0.0,10.0,52.13518950107096,59.18668078550521,1440.2346099670856,1635.0320566995815,27356.0,248,663,500.0,481.1303326146476,500.0,19,0.9622606652292952,23.48340497820079,29.378942531404466,5.895537553203677,24.25621132543745,7.386254637261072,38.81913455702269,737.5635565834311,0.9219544457292888,0.9219544457292888,1475.127113166862,,,1962.366691280666,2551.0766986648664,286.8132358675332,14.61567999201796,849.800962100534,43.30490146803005,1.6530212575543448,1.0,0.0,67724.72516415856,47828.134882702914,19778.87408561564,0.0,117.71619584,2622.494665025208,47287.44829983741,49930.56151893725,868.7595420153007,12418.399999999998,9600.0,144.0,0.0,13877.526410834143,7692.334079464739,31564.81218646409
summer_peak__D__w20,summer_peak,2020-08-26,D,window_scale,w20,0.5,1.2511,0.5,0.3535,800.0,emergent,0.5,2.0,False,173156.9772562,gurobi,0.0004832362990199,9.1,2.0,2669634.200637207,2669634.200637224,2649751.875325156,17513.173284000004,0.0,-5527.570723595001,4946.468525315663,2950.2542263337245,1.3504177331924438e-08,58670.519351880415,55275.707235950016,3394.8121159303987,5.7862315749580855,13.0,0.0,3.0,0.0,10.0,54.29394763923396,58.74480049787482,1517.9682860802498,1642.4067139197505,28638.0,255,671,500.0,489.1866112546725,500.0,21,0.9783732225093452,27.141776226651007,31.91489667360856,4.773120446957551,24.366332907053007,5.40003940752635,35.12207412302053,737.5635565834311,0.921954445729289,0.921954445729289,1475.1271131668625,,,3114.7460676438604,4049.169887937018,268.4634364049598,8.619111496560556,1656.7551713404478,53.190697904747495,3.6115858736888686,1.0,0.0,68341.31840605428,47581.48793649765,20641.580704375192,0.0,118.24976518144,2622.494665025208,47045.42206747495,52251.10979795979,771.2292686392634,12418.399999999998,9600.0,144.0,0.0,13760.301074457431,7692.334079464739,31200.577417002634
spring_wind__B__vpl400dedic,spring_wind,2020-03-12,B,vpl_mode_size,vpl400dedic,0.5,1.2511,0.5,1.1455,1600.0,dedicated,0.5,1.0,False,111807.97379718351,gurobi,0.0004968771994698,20.7,1.6,615964.0531994591,615964.0532159953,592075.3554081963,28357.163022,0.0,-7439.872419572181,0.0,2971.40720537024,9.313225746154783e-10,115087.28689521314,74398.72419572179,40688.56269949133,35.35452420260653,7.0,0.0,1.0,0.0,6.0,57.80454013654528,20.446811214806083,712.9226616840584,252.17733831594168,17758.0,214,296,500.0,454.4912079550815,500.0,18,0.908982415910163,8.06238946220276,14.427922016737853,6.365532554535096,23.01464486261848,7.474603219801076,2.415849970666914,43.485299472004456,0.0,0.9285647516782,1485.7036026851197,15.0,0.0,0.0,0.0,0.0,,0.0,,,,0.0,20097.11827949333,18840.24852552626,1179.7698550256298,0.0,77.09989894144,2055.847345138536,19105.580710163827,2980.675409418768,0.0,6037.0,9536.0,96.0,0.0,13078.74708824221,5959.292666148933,53304.83709619213
spring_wind__B__vpl400explic,spring_wind,2020-03-12,B,vpl_mode_size,vpl400explic,0.5,1.2511,0.5,1.1455,1600.0,explicit,0.5,1.0,False,111807.97379718351,gurobi,0.0003866203020941,18.0,1.6,591335.1517161224,591335.1544491176,564468.1919310931,28098.428022,0.0,-7545.362159243177,0.0,6313.896655268461,-8.14907252788543e-10,115087.28689521314,75453.62159243177,39633.66530278137,34.437917837847536,2.0,0.0,1.0,0.0,1.0,61.90219658630698,15.047963158101965,807.3078138130868,196.25051952024648,19388.0,248,313,500.0,430.2175825532913,500.0,16,0.8604351651065827,6.910827754876233,17.020426314668825,10.109598559792593,23.575610170869616,14.700636281165051,38.445444572928885,615.1271131668622,0.7109518161194317,1.2621408886519625,3156.9483276342303,10.0,14.0,0.0,0.0,0.0,,0.0,,,,0.0,19584.74516460042,18551.61163849753,1026.8044299211274,0.0,6.32909618176,2179.537132033889,18657.173663249792,2722.838805236126,0.0,6037.0,9536.0,8.0,0.0,14617.978726985131,7285.989344330996,51370.11638908175
spring_wind__D__vpl400dedic,spring_wind,2020-03-12,D,vpl_mode_size,vpl400dedic,0.5,1.2511,0.5,1.1455,1600.0,dedicated,0.5,1.0,False,107672.32714506,gurobi,0.0001501384168992,15.8,2.2,592030.318747879,592030.3187478782,562423.6979775085,28046.681022,0.0,-7533.439811391117,6000.013030726772,3093.3665290347635,-8.14907252788543e-10,115087.28689521314,75334.39811391117,39752.88878130197,34.541511798342185,1.0,0.0,1.0,0.0,0.0,62.23515116182361,19.022500083727994,728.669894853018,222.72177181364864,17728.0,210,281,500.0,454.31653775529867,500.0,17,0.9086330755105974,7.085137184173696,14.463682093152324,7.378544908978628,23.01464486261848,9.949226889421748,4.209185373559988,71.5561513505198,0.0,0.9666770403233635,1546.6832645173818,14.0,0.0,3181.266655479623,4135.646652123511,352.5020288415622,11.08055586080436,1625.6313694643231,51.10012914711909,3.356491338504472,1.0,1.4210854715202004e-14,19248.02909035363,18098.708506694453,1149.320583659177,0.0,0.0,2143.060128030147,18350.547485831205,2905.351280116,0.0,6037.0,9537.423757580362,0.0,0.0,13470.016662662008,6349.399302470409,53371.92202074861
spring_wind__D__vpl400explic,spring_wind,2020-03-12,D,vpl_mode_size,vpl400explic,0.5,1.2511,0.5,1.1455,1600.0,explicit,0.5,1.0,False,107672.32714506,gurobi,0.0004969401939726,17.2,2.0,568711.6547235736,568711.6568058806,557085.2200287988,6079.210428000001,0.0,-7610.058944384546,7173.845741936073,5983.439551531606,-1.280568540096283e-09,115087.28689521314,76100.58944384546,38986.69745136768,33.87576378168079,9.0,0.0,1.0,0.0,8.0,58.22885297030248,13.438811700356194,810.3515371700429,187.02346282995708,19336.0,272,334,500.0,438.7156474768881,500.0,18,0.8774312949537761,13.760791638897476,25.68819418925804,11.927402550360563,24.80402349904943,16.690902022885865,34.17372850927013,615.1271131668623,0.6250426825866097,1.2447821772670171,2991.719775765803,10.0,14.0,3181.266655479623,4135.64665212351,454.1698499067408,14.276384191952246,1560.3131287254291,49.04691425466781,3.290170911430981,1.0,1.4210854715202004e-14,19541.11152617493,18752.30675122316,698.0544420749736,0.0,90.7503328768,2190.374801796648,18832.56310791897,1700.0,66.0,6037.0,9536.0,112.0,0.0,14961.074753338014,7378.314498019263,51570.82539069154
summer_peak__B__vpl400dedic,summer_peak,2020-08-26,B,vpl_mode_size,vpl400dedic,0.5,1.2511,0.5,0.3535,1600.0,dedicated,0.5,1.0,False,177292.6239083235,gurobi,0.0004248428528304,26.2,2.2,2715874.10385972,2715874.1038597366,2682966.3743893183,34560.62356800001,0.0,-5420.408686334321,0.0,3767.5145887390695,1.3504177331924438e-08,58670.519351880415,54204.086863343226,4466.432488537192,7.612737262047162,17.0,0.0,6.0,0.0,11.0,52.14174819483876,59.55575547623319,1479.52210502855,1689.8945616381163,28162.0,250,681,500.0,467.6879611491857,500.0,14,0.9353759222983714,22.14795535526723,30.08453595763412,7.936580602366881,32.28414547628704,13.237252733703835,10.928363602987536,152.9970904418255,0.3742911620830922,0.803057146897867,1883.7572943695347,18.0,0.0,0.0,0.0,0.0,,0.0,,,,0.0,69410.45729009906,48471.84811704369,20813.63347312321,0.0,124.97569993216,2622.494665025208,47896.57083431343,52371.24170280699,1029.656942194385,12418.399999999998,9600.0,152.0,0.0,13689.998692006162,7692.334079464739,30199.25942684711
summer_peak__B__vpl400explic,summer_peak,2020-08-26,B,vpl_mode_size,vpl400explic,0.5,1.2511,0.5,0.3535,1600.0,explicit,0.5,1.0,False,177292.6239083235,gurobi,0.0004712092447911,16.6,2.0,2711530.0183898285,2711530.0183898443,2678963.346359391,34560.62356800001,0.0,-5430.141500966762,0.0,3436.189963405145,1.4901161193847656e-08,58670.519351880415,54301.41500966762,4369.104342212791,7.446847906712384,17.0,0.0,6.0,0.0,11.0,53.06817517019368,59.103883653335735,1503.5982964888208,1674.6100368445125,28246.0,255,680,500.0,483.8536483862334,500.0,18,0.9677072967724668,22.981740212762123,28.78276264748941,5.801022434727291,27.011817790074424,7.53925508181725,15.284839620381222,275.127113166862,0.151854917834819,0.9219544457292888,1718.0949817025726,7.0,10.0,0.0,0.0,0.0,,0.0,,,,0.0,69369.36794448367,48492.05075431304,20752.34149023848,0.0,124.97569993216,2622.494665025208,47908.45864009844,52251.293519646046,1004.8887245238172,12418.399999999998,9600.0,152.0,0.0,13705.278707267526,7692.334079464739,30281.307557910142
summer_peak__D__vpl400dedic,summer_peak,2020-08-26,D,vpl_mode_size,vpl400dedic,0.5,1.2511,0.5,0.3535,1600.0,dedicated,0.5,1.0,False,173156.9772562,gurobi,0.0004846910988986,14.7,2.5,2699683.9062127178,2699683.9064340885,2643825.1423015944,51121.594734,0.0,-5517.6783890249735,6649.940331687833,3604.907455814629,1.6763806343078613e-08,58670.519351880415,55176.78389024975,3493.735461630671,5.9548398415851,13.0,0.0,5.0,0.0,8.0,48.14126642095126,63.38134359422324,1321.8789404752868,1740.3460595247132,25212.15445432136,216,659,500.0,457.3622858350457,500.0,14,0.9147245716700916,25.76242166447137,33.26787858041329,7.505456915941913,30.212365741738488,12.499504611165074,4.660964658802025,65.25350522322836,0.3174407485843864,0.8090928313576851,1802.4537279073145,17.0,0.0,3181.2666554796224,4135.64665212351,446.2520512003107,14.027495948246177,1399.8926991779206,44.00425524740762,2.934184797602178,1.0,0.0,69489.397664848,49323.61406568924,20068.208049314268,0.0,97.57554984448,2622.494665025208,48730.13566203999,50719.89291289865,886.2768536544833,12418.399999999998,9600.0,120.0,0.0,13877.526410834143,7692.334079464739,30984.42873492565
summer_peak__D__vpl400explic,summer_peak,2020-08-26,D,vpl_mode_size,vpl400explic,0.5,1.2511,0.5,0.3535,1600.0,explicit,0.5,1.0,False,173156.9772562,gurobi,0.0004882760902462,13.3,2.7,2694851.005268126,2694851.005268139,2667580.9128325875,23074.913712000005,0.0,-5453.0042055157,6286.666016323094,3361.5169127319928,1.210719347000122e-08,58670.519351880415,54530.042055157,4140.4772967234085,7.057168306096995,12.0,0.0,4.0,0.0,8.0,53.54973267602877,59.53942037003364,1501.623753790307,1669.5845795430262,28652.15445432136,253,673,500.0,482.24058197788,500.0,19,0.96448116395576,23.817484425121865,31.458219124067,7.640734698945124,27.10220703646691,9.45943156245666,14.48037437720327,275.12711316686216,0.1285195894994588,0.921954445729289,1680.7584563659964,9.0,11.0,3181.266655479624,4135.6466521235125,407.2423756504902,12.80126502281816,1510.4634470656104,47.47993835926606,2.98675498391743,1.0,2.8421709430404014e-14,69166.51373280937,48397.2600835598,20664.72050614813,0.0,104.53314310144,2622.494665025208,47824.0251389427,52269.27041706872,862.7343530212218,12418.399999999998,9600.0,128.0,0.0,13730.054417641366,7692.334079464739,30485.158893025688
solar_ramp__B__vpl400dedic,solar_ramp,2020-01-14,B,vpl_mode_size,vpl400dedic,0.5,1.2511,0.5,0.8518,1600.0,dedicated,0.5,1.0,False,121001.7219911235,gurobi,0.0004277866642985,38.0,2.2,1303151.929783702,1303151.9297836998,1135867.1931522435,168590.568132,0.0,-6516.344542371123,0.0,5210.513041829774,-2.3283064365386963e-09,93416.61376822488,65163.44542371123,28253.168344513662,30.244265131052977,12.0,0.0,6.0,0.0,6.0,60.40686655951863,31.66610641345434,1117.5270313510946,585.8229686489054,21894.0,280,444,500.0,340.5278394206628,500.0,12,0.6810556788413256,16.18048265358014,19.849376823426592,3.668894169846455,24.503206157099108,5.792758313122612,0.0,0.0,0.7375069070224657,0.8907784185493387,2605.256520914887,23.0,0.0,0.0,0.0,0.0,,0.0,,,,0.0,36278.071057641246,31346.130323901794,4867.950732218807,0.0,63.99000152064,1650.162419219659,31113.13805917781,13016.613188395915,0.0,2581.6,9568.0,80.0,0.0,10791.039110028854,5847.455745958674,46874.788148504034
solar_ramp__B__vpl400explic,solar_ramp,2020-01-14,B,vpl_mode_size,vpl400explic,0.5,1.2511,0.5,0.8518,1600.0,explicit,0.5,1.0,False,121001.7219911235,gurobi,0.0001177657632999,27.7,2.7,1301937.4984384913,1301937.4984384887,1156441.1812027905,146053.880538,0.0,-6439.057572013659,0.0,5881.49426971367,-1.862645149230957e-09,93416.61376822488,64390.575720136585,29026.038048088296,31.071601589096925,9.0,0.0,6.0,0.0,3.0,67.14166627563331,28.29762732260068,1267.2989509525787,534.1177157140879,25246.0,304,453,500.0,282.2558355034727,500.0,11,0.6989633133594825,14.939441466517778,18.795707021875003,3.8562655553572287,23.286367048289986,5.029238258654655,0.0,0.0,0.9172310267202758,0.9207359325652462,2940.747134856835,10.0,14.0,0.0,0.0,0.0,,0.0,,,,0.0,35827.62949046427,30236.03267275345,5566.1567656609,0.0,25.44005204992,1591.987984039845,29973.76139015767,14922.466822217582,98.59696476285797,2581.6,9568.0,32.0,0.0,10486.906158353931,5383.407940493364,46928.27363724945
solar_ramp__D__vpl400dedic,solar_ramp,2020-01-14,D,vpl_mode_size,vpl400dedic,0.5,1.2511,0.5,0.8518,1600.0,dedicated,0.5,1.0,False,116866.075339,gurobi,0.0,61.5,2.5,1283304.4973451826,1283304.4973451812,1138958.570294078,140285.15211,0.0,-6517.181702394033,4960.759160178575,5617.197483318189,6.984919309616089e-10,93416.61376822488,65171.817023940326,28244.79674428456,30.23530355570635,6.0,0.0,5.0,0.0,1.0,68.73625911071578,29.8151427584431,1225.7966208077648,531.7033791922353,25444.0,286,428,500.0,334.2904333977156,500.0,12,0.6911101064058759,18.73648103883913,19.249780616665227,0.5132995778260889,6.839852607943207,2.4265767693987854,22.92725943057185,275.1271131668622,0.75,1.005374213536934,2808.5987416590947,21.0,0.0,3181.266655479623,4135.64665212351,316.94265328858535,9.96278173483705,1811.0490575232416,56.92855248093623,3.422253458534935,1.0,1.4210854715202004e-14,35046.83038749175,29430.48943389037,5610.011857419615,0.0,6.32909618176,1527.108188620365,29255.444675986284,14977.436424627364,0.0,2581.6,9560.0,8.0,0.0,10283.503111842992,3793.113112672451,49568.09261080451
solar_ramp__D__vpl400explic,solar_ramp,2020-01-14,D,vpl_mode_size,vpl400explic,0.5,1.2511,0.5,0.8518,1600.0,explicit,0.5,1.0,False,116866.075339,gurobi,8.983731236099167e-05,56.5,2.3,1282303.089115595,1282303.0891155016,1137333.9824345892,140595.63411,0.0,-6533.960859628469,5277.05765279821,5630.375777745007,-2.3283064365386963e-09,93416.61376822488,65339.60859628468,28077.0051719402,30.05568714104946,12.0,0.0,5.0,0.0,7.0,65.20815610097308,29.83542188067829,1184.6148358343444,542.0101641656555,24484.0,292,436,500.0,295.349670714434,500.0,11,0.7337981994130008,19.53168229650048,18.88738292479071,-0.644299371709766,6.245091798847746,-0.3258907765909049,8.422948567419876,92.65243424161864,0.75,1.0094924305453148,2815.187888872504,10.0,13.0,3181.266655479623,4135.646652123511,375.24043316533385,11.795315319418291,1743.9125134541107,54.8181810050497,3.4661903765393363,1.0,0.0,34430.72549961526,28656.77655139973,5709.4915654980905,0.0,64.45738271744,1649.9380208442135,28555.82769005546,15434.416249920274,0.0,2581.6,9564.0,80.0,0.0,9862.649846427292,5009.09481140877,48817.9259176044
median__B__vpl400dedic,median,2020-03-16,B,vpl_mode_size,vpl400dedic,0.5,1.2511,0.5,0.417,1600.0,dedicated,0.5,1.0,False,114535.9137917835,gurobi,0.0004638748249773,29.4,1.8,1508018.9322928682,1508018.932312445,1450850.4440065431,56559.08504399999,0.0,-4036.157472903261,0.0,4645.56073480908,-3.958120942115784e-09,43035.36057927149,40361.5747290326,2673.785850238881,6.212997438034114,11.0,0.0,2.0,0.0,9.0,55.95845524889957,43.7494614177671,1119.1691049779913,874.9892283553421,22744.0,244,480,500.0,93.35981368229405,500.0,2,0.3660770015621173,19.57476433036283,18.410361283380794,-1.164403046982035,5.630621729589564,-2.2693110986029383,0.0,0.0,0.8142377296278375,0.6375000000000002,2322.78036740454,18.0,0.0,0.0,0.0,0.0,,0.0,,,,0.0,45300.70900231999,38096.87744403971,7138.410673580111,0.0,65.42088470016,1546.823969009239,37665.51692980604,19218.224550722163,0.0,8112.0,9576.0,80.0,0.0,17548.019187970505,7678.570107980229,13588.161464072631
median__B__vpl400explic,median,2020-03-16,B,vpl_mode_size,vpl400explic,0.5,1.2511,0.5,0.417,1600.0,explicit,0.5,1.0,False,114535.9137917835,gurobi,0.0004562585108075,15.4,2.2,1505151.5543081225,1505151.5543081146,1447647.2659826097,56559.085044,0.0,-4045.050944823558,0.0,4990.254226333725,-5.3551048040390015e-09,43035.36057927149,40450.50944823558,2584.851131035907,6.006342450122127,11.0,0.0,2.0,0.0,9.0,56.16302719309064,43.32203504757325,1127.9407961279037,870.050870538763,22790.0,243,482,500.0,77.41411314590196,500.0,4,0.4328479267817972,19.56930081906036,18.906614272905497,-0.6626865461548624,5.476210180637889,-2.6070667317696863,0.0,0.0,0.921954445729289,0.6375000000000001,2495.1271131668623,10.0,8.0,0.0,0.0,0.0,,0.0,,,,0.0,45449.55848614806,38375.16327978912,7008.670959329178,0.0,65.72424702976001,1545.07246985313,37935.45205571567,18889.768837214648,0.0,8112.0,9576.0,80.0,0.0,16843.01495175222,8382.703724909568,13679.718301720664
median__D__vpl400dedic,median,2020-03-16,D,vpl_mode_size,vpl400dedic,0.5,1.2511,0.5,0.417,1600.0,dedicated,0.5,1.0,False,110400.26713966,gurobi,0.0004409252233363,20.6,2.3,1482938.369183009,1482938.3691830055,1440541.4287516389,39998.113878,0.0,-4093.12302724785,1602.390160829369,4889.5594197899545,-4.889443516731262e-09,43035.36057927149,40931.2302724785,2104.1303067929903,4.889305627908391,15.0,0.0,3.0,0.0,12.0,52.60219085330529,43.153184400244406,1080.5366704449796,886.4383295550206,20904.0,246,493,500.0,112.9236139004786,500.0,3,0.3549614955913712,24.186910874109085,23.828109176159145,-0.358801697949943,10.162159429242864,0.4330929159049018,0.0,0.0,0.9219544457292886,0.6060328729550721,2444.7797098949773,17.0,0.0,3181.266655479623,4135.64665212351,167.03259517577618,5.250505954540726,1682.0111181354762,52.87237130022627,3.38663080787946,1.0,1.4210854715202004e-14,45509.03229659595,38685.29670538918,6698.693703129973,0.0,125.0418880768,1546.823969009239,38246.22148036274,17802.4666436817,193.83178527605125,8112.0,9584.0,152.0,0.0,17192.442379483393,8471.406176662245,13720.557747323615
median__D__vpl400explic,median,2020-03-16,D,vpl_mode_size,vpl400explic,0.5,1.2511,0.5,0.417,1600.0,explicit,0.5,1.0,False,110400.26713965999,gurobi,0.0004950951437448852,16.5,2.6,1481200.899135704,1481200.899144549,1438801.0818164938,39998.113878,0.0,-4090.246130559963,1602.390160829048,4889.55941978995,-3.958120942115784e-09,43035.36057927149,40902.46130559963,2132.899273671853,4.956155229007631,15.0,0.0,3.0,0.0,12.0,52.95780025010231,42.78644217414012,1092.25463015836,882.47036984164,21214.0,247,495,500.0,98.38902836159349,500.0,4,0.40451859200926554,23.93580380505473,23.985954935834133,0.05015113077940706,10.162159429242848,-0.8412296617961452,0.0,0.0,0.9219544457292888,0.6060328729550706,2444.779709894975,10.0,7.0,3181.266655479623,4135.646652123511,167.03259517576208,5.250505954540282,1592.3361448405335,50.0535263869751,3.4010078499960557,1.0,2.842170943040401e-14,45777.09053407893,39106.2439276482,6545.501356024336,0.0,125.3452504064,1546.8239690092387,38648.649055783244,17428.808035140064,193.83178527604997,8112.0,9584.0,152.0,0.0,16975.714288485033,8609.229665407696,13770.693382697667
